spool LOG_portal_create_objects_tbcwp_sss_ora.txt;

-- Tesco Bank PCU Oracle Database Scripts.
--------------------------------------------------------

-- V1 May 2015

-- SEQUENCES
-- TABLES
-- INDEXES
-- VIEWS
-- PACKAGES
-- TRIGGERS


--- START SCRIPT ---
--------------------------------------------------------
--  DDL for Sequence TBCWP_ASSERTION_SEQ
--------------------------------------------------------

   CREATE SEQUENCE  "TBCWP_SSS"."TBCWP_ASSERTION_SEQ"  MINVALUE 1 MAXVALUE 9999999999999999999999999999 INCREMENT BY 1 START WITH 121 CACHE 20 NOORDER  NOCYCLE ;
--------------------------------------------------------
--  DDL for Sequence TBCWP_CI_REQUEST_ID_SEQ
--------------------------------------------------------

   CREATE SEQUENCE  "TBCWP_SSS"."TBCWP_CI_REQUEST_ID_SEQ"  MINVALUE 1 MAXVALUE 9999999999999999999999999999 INCREMENT BY 1 START WITH 1 CACHE 20 NOORDER  NOCYCLE ;
--------------------------------------------------------
--  DDL for Sequence TBCWP_MESSAGE_SEQ
--------------------------------------------------------

   CREATE SEQUENCE  "TBCWP_SSS"."TBCWP_MESSAGE_SEQ"  MINVALUE 1 MAXVALUE 9999999999999999999999999999 INCREMENT BY 1 START WITH 241 CACHE 20 NOORDER  NOCYCLE ;
--------------------------------------------------------
--  DDL for Sequence TBCWP_REDIRECT_SEQ
--------------------------------------------------------

   CREATE SEQUENCE  "TBCWP_SSS"."TBCWP_REDIRECT_SEQ"  MINVALUE 1 MAXVALUE 9999999999999999999999999999 INCREMENT BY 1 START WITH 41 CACHE 20 NOORDER  NOCYCLE ;
--------------------------------------------------------
--  DDL for Sequence TBCWP_XPATH_ALIAS_SEQ
--------------------------------------------------------

   CREATE SEQUENCE  "TBCWP_SSS"."TBCWP_XPATH_ALIAS_SEQ"  MINVALUE 1 MAXVALUE 9999999999999999999999999999 INCREMENT BY 1 START WITH 21 CACHE 20 NOORDER  NOCYCLE ;
--------------------------------------------------------
--  DDL for Sequence TBCWP_XPATH_ENTRY_SEQ
--------------------------------------------------------

   CREATE SEQUENCE  "TBCWP_SSS"."TBCWP_XPATH_ENTRY_SEQ"  MINVALUE 1 MAXVALUE 9999999999999999999999999999 INCREMENT BY 1 START WITH 121 CACHE 20 NOORDER  NOCYCLE ;
--------------------------------------------------------
--  DDL for Table TBCWP_ASSERTION
--------------------------------------------------------

  CREATE TABLE "TBCWP_SSS"."TBCWP_ASSERTION" 
   (	"ID" NUMBER(*,0), 
	"ASSERTION_ID" VARCHAR2(50 BYTE), 
	"STATUS" NUMBER(*,0), 
	"ASSERTION" CLOB, 
	"ASSERTION_EXPIRY" DATE, 
	"SESSION_INDEX" VARCHAR2(50 BYTE)
   ) SEGMENT CREATION IMMEDIATE 
  PCTFREE 10 PCTUSED 40 INITRANS 1 MAXTRANS 255 NOCOMPRESS LOGGING
  STORAGE(INITIAL 65536 NEXT 1048576 MINEXTENTS 1 MAXEXTENTS 2147483645
  PCTINCREASE 0 FREELISTS 1 FREELIST GROUPS 1 BUFFER_POOL DEFAULT FLASH_CACHE DEFAULT CELL_FLASH_CACHE DEFAULT)
  TABLESPACE "SSS_DATA" 
 LOB ("ASSERTION") STORE AS BASICFILE (
  TABLESPACE "SSS_DATA" ENABLE STORAGE IN ROW CHUNK 8192 RETENTION 
  NOCACHE LOGGING 
  STORAGE(INITIAL 65536 NEXT 1048576 MINEXTENTS 1 MAXEXTENTS 2147483645
  PCTINCREASE 0 FREELISTS 1 FREELIST GROUPS 1 BUFFER_POOL DEFAULT FLASH_CACHE DEFAULT CELL_FLASH_CACHE DEFAULT)) ;
--------------------------------------------------------
--  DDL for Table TBCWP_MESSAGE
--------------------------------------------------------

  CREATE TABLE "TBCWP_SSS"."TBCWP_MESSAGE" 
   (	"ID" NUMBER(*,0), 
	"MESSAGE_ID" VARCHAR2(33 BYTE), 
	"CREATE_DATE" DATE
   ) SEGMENT CREATION IMMEDIATE 
  PCTFREE 10 PCTUSED 40 INITRANS 1 MAXTRANS 255 NOCOMPRESS LOGGING
  STORAGE(INITIAL 65536 NEXT 1048576 MINEXTENTS 1 MAXEXTENTS 2147483645
  PCTINCREASE 0 FREELISTS 1 FREELIST GROUPS 1 BUFFER_POOL DEFAULT FLASH_CACHE DEFAULT CELL_FLASH_CACHE DEFAULT)
  TABLESPACE "SSS_DATA" ;
--------------------------------------------------------
--  DDL for Table TBCWP_REDIRECT
--------------------------------------------------------

  CREATE TABLE "TBCWP_SSS"."TBCWP_REDIRECT" 
   (	"ID" NUMBER(*,0), 
	"SOURCE" VARCHAR2(300 BYTE), 
	"DESTINATION" VARCHAR2(300 BYTE), 
	"HTTP_CODE" NUMBER(*,0), 
	"REDIRECT_TO_HTTPS" VARCHAR2(1 BYTE)
   ) SEGMENT CREATION IMMEDIATE 
  PCTFREE 10 PCTUSED 40 INITRANS 1 MAXTRANS 255 NOCOMPRESS LOGGING
  STORAGE(INITIAL 65536 NEXT 1048576 MINEXTENTS 1 MAXEXTENTS 2147483645
  PCTINCREASE 0 FREELISTS 1 FREELIST GROUPS 1 BUFFER_POOL DEFAULT FLASH_CACHE DEFAULT CELL_FLASH_CACHE DEFAULT)
  TABLESPACE "SSS_DATA" ;
--------------------------------------------------------
--  DDL for Table TBCWP_XPATH_ALIAS
--------------------------------------------------------

  CREATE TABLE "TBCWP_SSS"."TBCWP_XPATH_ALIAS" 
   (	"ID" NUMBER(*,0), 
	"ALIAS_NAME" VARCHAR2(300 BYTE), 
	"ALIAS_DESCRIPTION" VARCHAR2(1000 BYTE)
   ) SEGMENT CREATION IMMEDIATE 
  PCTFREE 10 PCTUSED 40 INITRANS 1 MAXTRANS 255 NOCOMPRESS LOGGING
  STORAGE(INITIAL 65536 NEXT 1048576 MINEXTENTS 1 MAXEXTENTS 2147483645
  PCTINCREASE 0 FREELISTS 1 FREELIST GROUPS 1 BUFFER_POOL DEFAULT FLASH_CACHE DEFAULT CELL_FLASH_CACHE DEFAULT)
  TABLESPACE "SSS_DATA" ;
--------------------------------------------------------
--  DDL for Table TBCWP_XPATH_ENTRY
--------------------------------------------------------

  CREATE TABLE "TBCWP_SSS"."TBCWP_XPATH_ENTRY" 
   (	"ID" NUMBER(*,0), 
	"ALIAS_ID" NUMBER(*,0), 
	"EXPRESSION" VARCHAR2(300 BYTE), 
	"KEY" VARCHAR2(300 BYTE)
   ) SEGMENT CREATION IMMEDIATE 
  PCTFREE 10 PCTUSED 40 INITRANS 1 MAXTRANS 255 NOCOMPRESS LOGGING
  STORAGE(INITIAL 65536 NEXT 1048576 MINEXTENTS 1 MAXEXTENTS 2147483645
  PCTINCREASE 0 FREELISTS 1 FREELIST GROUPS 1 BUFFER_POOL DEFAULT FLASH_CACHE DEFAULT CELL_FLASH_CACHE DEFAULT)
  TABLESPACE "SSS_DATA" ;
REM INSERTING into TBCWP_SSS.TBCWP_ASSERTION
SET DEFINE OFF;
Insert into TBCWP_SSS.TBCWP_ASSERTION (ID,ASSERTION_ID,STATUS,ASSERTION_EXPIRY,SESSION_INDEX) values (56,'_648d1abab3ef4723a2b2f489475ebee9',1,to_date('26-MAR-15','DD-MON-RR'),'_ec0cd18fe9204fe699a9063e6e9d6920');
Insert into TBCWP_SSS.TBCWP_ASSERTION (ID,ASSERTION_ID,STATUS,ASSERTION_EXPIRY,SESSION_INDEX) values (61,'_2e811ae789b1424f8849553dc665b54c',1,to_date('26-MAR-15','DD-MON-RR'),'_cd807f06aa7e48628516881a0f806403');
Insert into TBCWP_SSS.TBCWP_ASSERTION (ID,ASSERTION_ID,STATUS,ASSERTION_EXPIRY,SESSION_INDEX) values (62,'_dcec8742929d48b1a0f7b9eaf202488b',1,to_date('26-MAR-15','DD-MON-RR'),'_37c0accbda95432f8adb69c927bc9a17');
Insert into TBCWP_SSS.TBCWP_ASSERTION (ID,ASSERTION_ID,STATUS,ASSERTION_EXPIRY,SESSION_INDEX) values (63,'_5949c957ed0f43cfbe642cb0786c98f3',1,to_date('26-MAR-15','DD-MON-RR'),'_49efec7cb24943f38112260fd43d4261');
Insert into TBCWP_SSS.TBCWP_ASSERTION (ID,ASSERTION_ID,STATUS,ASSERTION_EXPIRY,SESSION_INDEX) values (67,'_ceefcba3e91843bcbdcb73e112643a95',1,to_date('26-MAR-15','DD-MON-RR'),'_a911df8af85d4c099ae912f94c0fc503');
Insert into TBCWP_SSS.TBCWP_ASSERTION (ID,ASSERTION_ID,STATUS,ASSERTION_EXPIRY,SESSION_INDEX) values (68,'_9ea2f78323d24ff992d902d82592ff7b',1,to_date('26-MAR-15','DD-MON-RR'),'_38b0a5e0401c4b60b5d8fb0a4a5e18db');
Insert into TBCWP_SSS.TBCWP_ASSERTION (ID,ASSERTION_ID,STATUS,ASSERTION_EXPIRY,SESSION_INDEX) values (69,'_c05f97b519a94b13a3d9c2734c5db3aa',1,to_date('26-MAR-15','DD-MON-RR'),'_f40bfaa45deb4872bb944cb51cad7dc2');
Insert into TBCWP_SSS.TBCWP_ASSERTION (ID,ASSERTION_ID,STATUS,ASSERTION_EXPIRY,SESSION_INDEX) values (72,'_fdc7df55b7d84c8592b3886d2473bf1f',1,to_date('26-MAR-15','DD-MON-RR'),'_dfc0ede6675b435aafdcd6ec028e2ce4');
Insert into TBCWP_SSS.TBCWP_ASSERTION (ID,ASSERTION_ID,STATUS,ASSERTION_EXPIRY,SESSION_INDEX) values (73,'_27f0af6aee3c43a2b473d2b8dbbddacf',1,to_date('26-MAR-15','DD-MON-RR'),'_c24e460adb0640cfbe776a95ac52da02');
Insert into TBCWP_SSS.TBCWP_ASSERTION (ID,ASSERTION_ID,STATUS,ASSERTION_EXPIRY,SESSION_INDEX) values (74,'_59221bab0ce342dfad948a17686f0b54',1,to_date('26-MAR-15','DD-MON-RR'),'_cfc0cbb0565d44f1954a9063ec1540de');
Insert into TBCWP_SSS.TBCWP_ASSERTION (ID,ASSERTION_ID,STATUS,ASSERTION_EXPIRY,SESSION_INDEX) values (75,'_adde96f481b14c668e6c85b9d54919dc',1,to_date('26-MAR-15','DD-MON-RR'),'_c571e7eaea864888a584092bfc336547');
Insert into TBCWP_SSS.TBCWP_ASSERTION (ID,ASSERTION_ID,STATUS,ASSERTION_EXPIRY,SESSION_INDEX) values (76,'_8e23ad14589a4991965fd751108791d2',1,to_date('26-MAR-15','DD-MON-RR'),'_b21cb1f988184f398a331f8128fc0918');
Insert into TBCWP_SSS.TBCWP_ASSERTION (ID,ASSERTION_ID,STATUS,ASSERTION_EXPIRY,SESSION_INDEX) values (21,'_8b78220abccc4d158c9710ee439663e7',1,to_date('25-MAR-15','DD-MON-RR'),'_908734955ebb4b4fbb6a2645b43d9113');
Insert into TBCWP_SSS.TBCWP_ASSERTION (ID,ASSERTION_ID,STATUS,ASSERTION_EXPIRY,SESSION_INDEX) values (22,'_deb5f4505f4b4cff8fb2d7917ad985c1',1,to_date('25-MAR-15','DD-MON-RR'),'_234f2a9e90a944d4892a29b55e0c9915');
Insert into TBCWP_SSS.TBCWP_ASSERTION (ID,ASSERTION_ID,STATUS,ASSERTION_EXPIRY,SESSION_INDEX) values (23,'_4cf67102e6ce4ba29f806b216519440f',1,to_date('25-MAR-15','DD-MON-RR'),'_0574809469184a0f91a147deaec076e2');
Insert into TBCWP_SSS.TBCWP_ASSERTION (ID,ASSERTION_ID,STATUS,ASSERTION_EXPIRY,SESSION_INDEX) values (57,'_d0772bcb6997480bb23fb5a42997825b',1,to_date('26-MAR-15','DD-MON-RR'),'_985a72ab8f34480ab42a5416a3cea188');
Insert into TBCWP_SSS.TBCWP_ASSERTION (ID,ASSERTION_ID,STATUS,ASSERTION_EXPIRY,SESSION_INDEX) values (58,'_7286b4efb1c242ffb35bb20d608488a0',1,to_date('26-MAR-15','DD-MON-RR'),'_b93c839e47aa46778eee642b84a413b9');
Insert into TBCWP_SSS.TBCWP_ASSERTION (ID,ASSERTION_ID,STATUS,ASSERTION_EXPIRY,SESSION_INDEX) values (59,'_890a821394e24403928e50858a5d51ee',1,to_date('26-MAR-15','DD-MON-RR'),'_e620037091b645ce940b384bc9b33001');
Insert into TBCWP_SSS.TBCWP_ASSERTION (ID,ASSERTION_ID,STATUS,ASSERTION_EXPIRY,SESSION_INDEX) values (60,'_d2f1f56f1e294712a4170242b70caa4d',1,to_date('26-MAR-15','DD-MON-RR'),'_a9fd9cf3fcbb441086cacad04f36c239');
Insert into TBCWP_SSS.TBCWP_ASSERTION (ID,ASSERTION_ID,STATUS,ASSERTION_EXPIRY,SESSION_INDEX) values (70,'_1a541861188b497aa5da6c78de15ea52',1,to_date('26-MAR-15','DD-MON-RR'),'_dfa746fa29cd4f879ce7e03cae840931');
Insert into TBCWP_SSS.TBCWP_ASSERTION (ID,ASSERTION_ID,STATUS,ASSERTION_EXPIRY,SESSION_INDEX) values (71,'_89c05b762b1b4152a1c0630de19e43b8',1,to_date('26-MAR-15','DD-MON-RR'),'_9cb18531ef1f4fdca84d68dff4784cfe');
Insert into TBCWP_SSS.TBCWP_ASSERTION (ID,ASSERTION_ID,STATUS,ASSERTION_EXPIRY,SESSION_INDEX) values (82,'_73ca584eef2d46d1bc8960ffaf02a3d8',1,to_date('27-MAR-15','DD-MON-RR'),'_1de917a591cd4c93a6e25b5827367d95');
Insert into TBCWP_SSS.TBCWP_ASSERTION (ID,ASSERTION_ID,STATUS,ASSERTION_EXPIRY,SESSION_INDEX) values (83,'_0d5bafccd40147ce9979eed62fd97680',1,to_date('27-MAR-15','DD-MON-RR'),'_9114edcc8677466ea10bc9116e6697f1');
Insert into TBCWP_SSS.TBCWP_ASSERTION (ID,ASSERTION_ID,STATUS,ASSERTION_EXPIRY,SESSION_INDEX) values (86,'_2d147cf0caf4434ea232578d20ec54cd',1,to_date('27-MAR-15','DD-MON-RR'),'_3a881f0a21ae4070911a3e5b65cabd2d');
Insert into TBCWP_SSS.TBCWP_ASSERTION (ID,ASSERTION_ID,STATUS,ASSERTION_EXPIRY,SESSION_INDEX) values (87,'_239957686344443192afca8eea40bf15',1,to_date('27-MAR-15','DD-MON-RR'),'_43b0c94094eb4dc4a28ea0f37485f5fd');
Insert into TBCWP_SSS.TBCWP_ASSERTION (ID,ASSERTION_ID,STATUS,ASSERTION_EXPIRY,SESSION_INDEX) values (88,'_d58007c07b374603980de7f8c72dca49',1,to_date('27-MAR-15','DD-MON-RR'),'_2b07fd6885624453af534dfc6fc9510f');
Insert into TBCWP_SSS.TBCWP_ASSERTION (ID,ASSERTION_ID,STATUS,ASSERTION_EXPIRY,SESSION_INDEX) values (89,'_43097656da3c4ac6af0869e9e6d36a06',1,to_date('27-MAR-15','DD-MON-RR'),'_9131c429b66b4e35a393a072a05e58aa');
Insert into TBCWP_SSS.TBCWP_ASSERTION (ID,ASSERTION_ID,STATUS,ASSERTION_EXPIRY,SESSION_INDEX) values (90,'_0690007c2e1c46ada899fc7870e74f4e',1,to_date('27-MAR-15','DD-MON-RR'),'_f9cff857387d4502a615957d885f98b4');
Insert into TBCWP_SSS.TBCWP_ASSERTION (ID,ASSERTION_ID,STATUS,ASSERTION_EXPIRY,SESSION_INDEX) values (93,'_6d5e8c635c1d467d871d90a3c92a029d',1,to_date('27-MAR-15','DD-MON-RR'),'_f27fe94ae27540a294497fdd17bbb1f1');
Insert into TBCWP_SSS.TBCWP_ASSERTION (ID,ASSERTION_ID,STATUS,ASSERTION_EXPIRY,SESSION_INDEX) values (94,'_06ec8653e7aa4e598f3311a5e1f1d7f8',1,to_date('27-MAR-15','DD-MON-RR'),'_c16d9bdd7db34c8b94c365f3cbf76350');
Insert into TBCWP_SSS.TBCWP_ASSERTION (ID,ASSERTION_ID,STATUS,ASSERTION_EXPIRY,SESSION_INDEX) values (95,'_e61e5c75a32942bbaf95ab54d97b19bd',1,to_date('27-MAR-15','DD-MON-RR'),'_56a2b5078552410e9026fb535a3be2bf');
Insert into TBCWP_SSS.TBCWP_ASSERTION (ID,ASSERTION_ID,STATUS,ASSERTION_EXPIRY,SESSION_INDEX) values (1,'_7caafd7bb1df4c70bba0efd00be736a8',1,to_date('25-MAR-15','DD-MON-RR'),'_53ef9dc717284b11942be2588e97c637');
Insert into TBCWP_SSS.TBCWP_ASSERTION (ID,ASSERTION_ID,STATUS,ASSERTION_EXPIRY,SESSION_INDEX) values (41,'_c0fcd661753c4640ae64ce932897826f',1,to_date('26-MAR-15','DD-MON-RR'),'_63c5aa4e2ab3469889f8b5cfd9e21f44');
Insert into TBCWP_SSS.TBCWP_ASSERTION (ID,ASSERTION_ID,STATUS,ASSERTION_EXPIRY,SESSION_INDEX) values (42,'_803124a98a5a40d289b2fb0316fc0886',1,to_date('26-MAR-15','DD-MON-RR'),'_80364b8b3ee44a1eb9015c380581e3b0');
Insert into TBCWP_SSS.TBCWP_ASSERTION (ID,ASSERTION_ID,STATUS,ASSERTION_EXPIRY,SESSION_INDEX) values (43,'_54321d61e4e54d9f9ff1f18ea4756b42',1,to_date('26-MAR-15','DD-MON-RR'),'_f0ab2cfeef45439c948408ecf083fdde');
Insert into TBCWP_SSS.TBCWP_ASSERTION (ID,ASSERTION_ID,STATUS,ASSERTION_EXPIRY,SESSION_INDEX) values (44,'_37dbb809693e4ebbb0b60c4a804b8fa4',1,to_date('26-MAR-15','DD-MON-RR'),'_8059f2085d4c424285143211cbe09e29');
Insert into TBCWP_SSS.TBCWP_ASSERTION (ID,ASSERTION_ID,STATUS,ASSERTION_EXPIRY,SESSION_INDEX) values (45,'_4ce3937be27844cdba1418726247376e',1,to_date('26-MAR-15','DD-MON-RR'),'_c428131caa284e1f997581454d78ec39');
Insert into TBCWP_SSS.TBCWP_ASSERTION (ID,ASSERTION_ID,STATUS,ASSERTION_EXPIRY,SESSION_INDEX) values (46,'_e824e8a1a799405e8fe3de29965f0564',1,to_date('26-MAR-15','DD-MON-RR'),'_37ddfad467c8480b87b75bcc06bcf479');
Insert into TBCWP_SSS.TBCWP_ASSERTION (ID,ASSERTION_ID,STATUS,ASSERTION_EXPIRY,SESSION_INDEX) values (47,'_a3b57a2aa04343db92255a276512dcc0',1,to_date('26-MAR-15','DD-MON-RR'),'_4fd4bc2928374753828ba0f710f039e0');
Insert into TBCWP_SSS.TBCWP_ASSERTION (ID,ASSERTION_ID,STATUS,ASSERTION_EXPIRY,SESSION_INDEX) values (48,'_3f16a0a8c9ca43ada8bcabef42c5f332',1,to_date('26-MAR-15','DD-MON-RR'),'_3ad7f60fec024ff6815a97a002ca5cbd');
Insert into TBCWP_SSS.TBCWP_ASSERTION (ID,ASSERTION_ID,STATUS,ASSERTION_EXPIRY,SESSION_INDEX) values (49,'_1f02159fd6054e21a02deb59e3ea5fff',1,to_date('26-MAR-15','DD-MON-RR'),'_050ae9b2aac24f0ebfbd436bc514c3a6');
Insert into TBCWP_SSS.TBCWP_ASSERTION (ID,ASSERTION_ID,STATUS,ASSERTION_EXPIRY,SESSION_INDEX) values (50,'_3bf7ae64f6714a97bda66d3aba8b1555',1,to_date('26-MAR-15','DD-MON-RR'),'_62f6446e16b94d2cbe6f1fe66116e4df');
Insert into TBCWP_SSS.TBCWP_ASSERTION (ID,ASSERTION_ID,STATUS,ASSERTION_EXPIRY,SESSION_INDEX) values (51,'_3c9e4ad97a984f3db68e313a77806fbc',1,to_date('26-MAR-15','DD-MON-RR'),'_af58e30756ba4cb686a32a8e2f1ba3f4');
Insert into TBCWP_SSS.TBCWP_ASSERTION (ID,ASSERTION_ID,STATUS,ASSERTION_EXPIRY,SESSION_INDEX) values (52,'_219a9a5e620f4e8abf6424b4548260df',1,to_date('26-MAR-15','DD-MON-RR'),'_b93eaa271b7a4978b422e0864a8aef17');
Insert into TBCWP_SSS.TBCWP_ASSERTION (ID,ASSERTION_ID,STATUS,ASSERTION_EXPIRY,SESSION_INDEX) values (53,'_4e0956d204b148c6a9c4a76b9c7de06e',1,to_date('26-MAR-15','DD-MON-RR'),'_f6ae10a5e03a42419abceb4082f0e858');
Insert into TBCWP_SSS.TBCWP_ASSERTION (ID,ASSERTION_ID,STATUS,ASSERTION_EXPIRY,SESSION_INDEX) values (54,'_09d3a45ca0594f48a3cadceeb55718a4',1,to_date('26-MAR-15','DD-MON-RR'),'_76194d4ba5764433a2121ecdd13950a1');
Insert into TBCWP_SSS.TBCWP_ASSERTION (ID,ASSERTION_ID,STATUS,ASSERTION_EXPIRY,SESSION_INDEX) values (55,'_28fb2ea54da0475bb9187e20ae4de8f9',1,to_date('26-MAR-15','DD-MON-RR'),'_b78626b53f774376b1deeecc6e16efef');
Insert into TBCWP_SSS.TBCWP_ASSERTION (ID,ASSERTION_ID,STATUS,ASSERTION_EXPIRY,SESSION_INDEX) values (81,'_14cf4488cda543c89b3d9c4555e8bd2d',1,to_date('27-MAR-15','DD-MON-RR'),'_9e033c17f29c4861ba1228da35c75cc7');
Insert into TBCWP_SSS.TBCWP_ASSERTION (ID,ASSERTION_ID,STATUS,ASSERTION_EXPIRY,SESSION_INDEX) values (84,'_b3944575b40b46d59cdbf5875221512b',1,to_date('27-MAR-15','DD-MON-RR'),'_3f13035ecf8846d399b2b6dac6a4ed80');
Insert into TBCWP_SSS.TBCWP_ASSERTION (ID,ASSERTION_ID,STATUS,ASSERTION_EXPIRY,SESSION_INDEX) values (85,'_4ea686bd01504f5fa8a461612892a170',1,to_date('27-MAR-15','DD-MON-RR'),'_b656083bba5f48188b2a8fc60c462d13');
Insert into TBCWP_SSS.TBCWP_ASSERTION (ID,ASSERTION_ID,STATUS,ASSERTION_EXPIRY,SESSION_INDEX) values (91,'_e6b4c289db4346328e5d95971221f2a9',1,to_date('27-MAR-15','DD-MON-RR'),'_1c97ce0f15c947e0a26e02799d03dbf6');
Insert into TBCWP_SSS.TBCWP_ASSERTION (ID,ASSERTION_ID,STATUS,ASSERTION_EXPIRY,SESSION_INDEX) values (92,'_1e5fc65d172142a8b4ee4b1e0ac23356',1,to_date('27-MAR-15','DD-MON-RR'),'_941f52ea7cea4b43b84e1f1da0965071');
Insert into TBCWP_SSS.TBCWP_ASSERTION (ID,ASSERTION_ID,STATUS,ASSERTION_EXPIRY,SESSION_INDEX) values (101,'_075021c1b8134543b38c32f13eb5a99d',1,to_date('30-MAR-15','DD-MON-RR'),'_5cd849162bb04dd985dc6d3fa38d6a73');
Insert into TBCWP_SSS.TBCWP_ASSERTION (ID,ASSERTION_ID,STATUS,ASSERTION_EXPIRY,SESSION_INDEX) values (64,'_ba642606d2be491ebb681eea46681dbe',1,to_date('26-MAR-15','DD-MON-RR'),'_b647251feb8240b587e3b1ff9dec2621');
Insert into TBCWP_SSS.TBCWP_ASSERTION (ID,ASSERTION_ID,STATUS,ASSERTION_EXPIRY,SESSION_INDEX) values (65,'_f96a7cb9784c42f5a11981d3e8559450',1,to_date('26-MAR-15','DD-MON-RR'),'_f8ef8de89dc440428707c5b8184ee2c9');
Insert into TBCWP_SSS.TBCWP_ASSERTION (ID,ASSERTION_ID,STATUS,ASSERTION_EXPIRY,SESSION_INDEX) values (66,'_cae55cdf40c544ee981804593647f916',1,to_date('26-MAR-15','DD-MON-RR'),'_8ad9bbffceea49a5b17b4d20832b2d2c');
REM INSERTING into TBCWP_SSS.TBCWP_MESSAGE
SET DEFINE OFF;
Insert into TBCWP_SSS.TBCWP_MESSAGE (ID,MESSAGE_ID,CREATE_DATE) values (87,'_4c12a13c89744b189092213b30f08a82',to_date('26-MAR-15','DD-MON-RR'));
Insert into TBCWP_SSS.TBCWP_MESSAGE (ID,MESSAGE_ID,CREATE_DATE) values (88,'_b0469964fdf44e23b38551c1e98134a8',to_date('26-MAR-15','DD-MON-RR'));
Insert into TBCWP_SSS.TBCWP_MESSAGE (ID,MESSAGE_ID,CREATE_DATE) values (89,'_648d1abab3ef4723a2b2f489475ebee9',to_date('26-MAR-15','DD-MON-RR'));
Insert into TBCWP_SSS.TBCWP_MESSAGE (ID,MESSAGE_ID,CREATE_DATE) values (102,'_30161f6133fe400a9621a5f6c8c435ef',to_date('26-MAR-15','DD-MON-RR'));
Insert into TBCWP_SSS.TBCWP_MESSAGE (ID,MESSAGE_ID,CREATE_DATE) values (103,'_38c49537c03e4538978f693be08da39c',to_date('26-MAR-15','DD-MON-RR'));
Insert into TBCWP_SSS.TBCWP_MESSAGE (ID,MESSAGE_ID,CREATE_DATE) values (104,'_2e811ae789b1424f8849553dc665b54c',to_date('26-MAR-15','DD-MON-RR'));
Insert into TBCWP_SSS.TBCWP_MESSAGE (ID,MESSAGE_ID,CREATE_DATE) values (105,'_bbeab601f4444ca19df515ca28c9f24b',to_date('26-MAR-15','DD-MON-RR'));
Insert into TBCWP_SSS.TBCWP_MESSAGE (ID,MESSAGE_ID,CREATE_DATE) values (106,'_af65cac16792499da55804ecf6dc8543',to_date('26-MAR-15','DD-MON-RR'));
Insert into TBCWP_SSS.TBCWP_MESSAGE (ID,MESSAGE_ID,CREATE_DATE) values (107,'_dcec8742929d48b1a0f7b9eaf202488b',to_date('26-MAR-15','DD-MON-RR'));
Insert into TBCWP_SSS.TBCWP_MESSAGE (ID,MESSAGE_ID,CREATE_DATE) values (108,'_8886f41a2a3d4523bb332721fcf7f08a',to_date('26-MAR-15','DD-MON-RR'));
Insert into TBCWP_SSS.TBCWP_MESSAGE (ID,MESSAGE_ID,CREATE_DATE) values (109,'_c08e653870b4491288325d69bf4352c6',to_date('26-MAR-15','DD-MON-RR'));
Insert into TBCWP_SSS.TBCWP_MESSAGE (ID,MESSAGE_ID,CREATE_DATE) values (110,'_5949c957ed0f43cfbe642cb0786c98f3',to_date('26-MAR-15','DD-MON-RR'));
Insert into TBCWP_SSS.TBCWP_MESSAGE (ID,MESSAGE_ID,CREATE_DATE) values (120,'_ded6fa532abc4c9bbf6e278fee51d511',to_date('26-MAR-15','DD-MON-RR'));
Insert into TBCWP_SSS.TBCWP_MESSAGE (ID,MESSAGE_ID,CREATE_DATE) values (121,'_2c3cd38b646f48ddbae708d11015fec1',to_date('26-MAR-15','DD-MON-RR'));
Insert into TBCWP_SSS.TBCWP_MESSAGE (ID,MESSAGE_ID,CREATE_DATE) values (122,'_ceefcba3e91843bcbdcb73e112643a95',to_date('26-MAR-15','DD-MON-RR'));
Insert into TBCWP_SSS.TBCWP_MESSAGE (ID,MESSAGE_ID,CREATE_DATE) values (123,'_862eac164ec445848b3fd4de729f7c3a',to_date('26-MAR-15','DD-MON-RR'));
Insert into TBCWP_SSS.TBCWP_MESSAGE (ID,MESSAGE_ID,CREATE_DATE) values (124,'_39a5cbab8c72466e91df630aa6219357',to_date('26-MAR-15','DD-MON-RR'));
Insert into TBCWP_SSS.TBCWP_MESSAGE (ID,MESSAGE_ID,CREATE_DATE) values (125,'_9ea2f78323d24ff992d902d82592ff7b',to_date('26-MAR-15','DD-MON-RR'));
Insert into TBCWP_SSS.TBCWP_MESSAGE (ID,MESSAGE_ID,CREATE_DATE) values (126,'_f1a6dcb5fae346cc90f975f4f3f7c200',to_date('26-MAR-15','DD-MON-RR'));
Insert into TBCWP_SSS.TBCWP_MESSAGE (ID,MESSAGE_ID,CREATE_DATE) values (127,'_06574b6a94084ec2b0ba1d409d11e7ac',to_date('26-MAR-15','DD-MON-RR'));
Insert into TBCWP_SSS.TBCWP_MESSAGE (ID,MESSAGE_ID,CREATE_DATE) values (128,'_c05f97b519a94b13a3d9c2734c5db3aa',to_date('26-MAR-15','DD-MON-RR'));
Insert into TBCWP_SSS.TBCWP_MESSAGE (ID,MESSAGE_ID,CREATE_DATE) values (136,'_9faf68e5d99f4543b6132d4e5fa45162',to_date('26-MAR-15','DD-MON-RR'));
Insert into TBCWP_SSS.TBCWP_MESSAGE (ID,MESSAGE_ID,CREATE_DATE) values (137,'_084d168682594a64b730cc00df052c44',to_date('26-MAR-15','DD-MON-RR'));
Insert into TBCWP_SSS.TBCWP_MESSAGE (ID,MESSAGE_ID,CREATE_DATE) values (138,'_fdc7df55b7d84c8592b3886d2473bf1f',to_date('26-MAR-15','DD-MON-RR'));
Insert into TBCWP_SSS.TBCWP_MESSAGE (ID,MESSAGE_ID,CREATE_DATE) values (139,'_3e3a121a2747436cb902bea3c84b04ef',to_date('26-MAR-15','DD-MON-RR'));
Insert into TBCWP_SSS.TBCWP_MESSAGE (ID,MESSAGE_ID,CREATE_DATE) values (140,'_83dc9e14fc454806a022c1eeeed195cf',to_date('26-MAR-15','DD-MON-RR'));
Insert into TBCWP_SSS.TBCWP_MESSAGE (ID,MESSAGE_ID,CREATE_DATE) values (141,'_27f0af6aee3c43a2b473d2b8dbbddacf',to_date('26-MAR-15','DD-MON-RR'));
Insert into TBCWP_SSS.TBCWP_MESSAGE (ID,MESSAGE_ID,CREATE_DATE) values (142,'_46689b7191e14e79a1ce0dc1abe69626',to_date('26-MAR-15','DD-MON-RR'));
Insert into TBCWP_SSS.TBCWP_MESSAGE (ID,MESSAGE_ID,CREATE_DATE) values (143,'_def2f196f5704674a31fc6d988cc2061',to_date('26-MAR-15','DD-MON-RR'));
Insert into TBCWP_SSS.TBCWP_MESSAGE (ID,MESSAGE_ID,CREATE_DATE) values (144,'_59221bab0ce342dfad948a17686f0b54',to_date('26-MAR-15','DD-MON-RR'));
Insert into TBCWP_SSS.TBCWP_MESSAGE (ID,MESSAGE_ID,CREATE_DATE) values (145,'_605b04213e4449f7bdbeb5fd7abbefda',to_date('26-MAR-15','DD-MON-RR'));
Insert into TBCWP_SSS.TBCWP_MESSAGE (ID,MESSAGE_ID,CREATE_DATE) values (146,'_cac911e2ae0d4fa1a9e2e69ea66e2140',to_date('26-MAR-15','DD-MON-RR'));
Insert into TBCWP_SSS.TBCWP_MESSAGE (ID,MESSAGE_ID,CREATE_DATE) values (147,'_adde96f481b14c668e6c85b9d54919dc',to_date('26-MAR-15','DD-MON-RR'));
Insert into TBCWP_SSS.TBCWP_MESSAGE (ID,MESSAGE_ID,CREATE_DATE) values (148,'_51da10be669e4fb7bcae8d021a9047aa',to_date('26-MAR-15','DD-MON-RR'));
Insert into TBCWP_SSS.TBCWP_MESSAGE (ID,MESSAGE_ID,CREATE_DATE) values (149,'_723b6cc245e4432bac988a3281e9a4ac',to_date('26-MAR-15','DD-MON-RR'));
Insert into TBCWP_SSS.TBCWP_MESSAGE (ID,MESSAGE_ID,CREATE_DATE) values (150,'_8e23ad14589a4991965fd751108791d2',to_date('26-MAR-15','DD-MON-RR'));
Insert into TBCWP_SSS.TBCWP_MESSAGE (ID,MESSAGE_ID,CREATE_DATE) values (1,'_5a47b460907a4235b45a39fcaab53859',to_date('25-MAR-15','DD-MON-RR'));
Insert into TBCWP_SSS.TBCWP_MESSAGE (ID,MESSAGE_ID,CREATE_DATE) values (2,'_4c5c49d82f7341d4b78fe6b353f99214',to_date('25-MAR-15','DD-MON-RR'));
Insert into TBCWP_SSS.TBCWP_MESSAGE (ID,MESSAGE_ID,CREATE_DATE) values (3,'_1c024b05252e4ef5b5176d40e44128d7',to_date('25-MAR-15','DD-MON-RR'));
Insert into TBCWP_SSS.TBCWP_MESSAGE (ID,MESSAGE_ID,CREATE_DATE) values (21,'_7631e9c9bab7469f909088701de6a714',to_date('25-MAR-15','DD-MON-RR'));
Insert into TBCWP_SSS.TBCWP_MESSAGE (ID,MESSAGE_ID,CREATE_DATE) values (22,'_f267651d64c54978b5b9600c80c608ef',to_date('25-MAR-15','DD-MON-RR'));
Insert into TBCWP_SSS.TBCWP_MESSAGE (ID,MESSAGE_ID,CREATE_DATE) values (23,'_8b78220abccc4d158c9710ee439663e7',to_date('25-MAR-15','DD-MON-RR'));
Insert into TBCWP_SSS.TBCWP_MESSAGE (ID,MESSAGE_ID,CREATE_DATE) values (24,'_7be9bcc8da784aab8326615f9dfd098a',to_date('25-MAR-15','DD-MON-RR'));
Insert into TBCWP_SSS.TBCWP_MESSAGE (ID,MESSAGE_ID,CREATE_DATE) values (25,'_563446edbeb8468180af8ce6eadd79ef',to_date('25-MAR-15','DD-MON-RR'));
Insert into TBCWP_SSS.TBCWP_MESSAGE (ID,MESSAGE_ID,CREATE_DATE) values (26,'_deb5f4505f4b4cff8fb2d7917ad985c1',to_date('25-MAR-15','DD-MON-RR'));
Insert into TBCWP_SSS.TBCWP_MESSAGE (ID,MESSAGE_ID,CREATE_DATE) values (27,'_40110e37f48049679a9d3a8f2cd561a7',to_date('25-MAR-15','DD-MON-RR'));
Insert into TBCWP_SSS.TBCWP_MESSAGE (ID,MESSAGE_ID,CREATE_DATE) values (28,'_618548997e0448d38b82ba9dbb2471b6',to_date('25-MAR-15','DD-MON-RR'));
Insert into TBCWP_SSS.TBCWP_MESSAGE (ID,MESSAGE_ID,CREATE_DATE) values (29,'_4cf67102e6ce4ba29f806b216519440f',to_date('25-MAR-15','DD-MON-RR'));
Insert into TBCWP_SSS.TBCWP_MESSAGE (ID,MESSAGE_ID,CREATE_DATE) values (90,'_01c6ef3a5d69458fb093c931ee110440',to_date('26-MAR-15','DD-MON-RR'));
Insert into TBCWP_SSS.TBCWP_MESSAGE (ID,MESSAGE_ID,CREATE_DATE) values (91,'_d9c4196a9ab3445b8090be8d46faa3c9',to_date('26-MAR-15','DD-MON-RR'));
Insert into TBCWP_SSS.TBCWP_MESSAGE (ID,MESSAGE_ID,CREATE_DATE) values (92,'_d0772bcb6997480bb23fb5a42997825b',to_date('26-MAR-15','DD-MON-RR'));
Insert into TBCWP_SSS.TBCWP_MESSAGE (ID,MESSAGE_ID,CREATE_DATE) values (93,'_deaf75958b2c4bcfa597eadd319f9982',to_date('26-MAR-15','DD-MON-RR'));
Insert into TBCWP_SSS.TBCWP_MESSAGE (ID,MESSAGE_ID,CREATE_DATE) values (94,'_c90f92e59ef9406689dd7b71d61c0652',to_date('26-MAR-15','DD-MON-RR'));
Insert into TBCWP_SSS.TBCWP_MESSAGE (ID,MESSAGE_ID,CREATE_DATE) values (95,'_7286b4efb1c242ffb35bb20d608488a0',to_date('26-MAR-15','DD-MON-RR'));
Insert into TBCWP_SSS.TBCWP_MESSAGE (ID,MESSAGE_ID,CREATE_DATE) values (96,'_b79a26b7154d41a388e33157ced5b137',to_date('26-MAR-15','DD-MON-RR'));
Insert into TBCWP_SSS.TBCWP_MESSAGE (ID,MESSAGE_ID,CREATE_DATE) values (97,'_9cbf3f7962914998b5e7616e47dab6d5',to_date('26-MAR-15','DD-MON-RR'));
Insert into TBCWP_SSS.TBCWP_MESSAGE (ID,MESSAGE_ID,CREATE_DATE) values (98,'_890a821394e24403928e50858a5d51ee',to_date('26-MAR-15','DD-MON-RR'));
Insert into TBCWP_SSS.TBCWP_MESSAGE (ID,MESSAGE_ID,CREATE_DATE) values (99,'_dd05b294c4424eb086d89e7e5fc7ad91',to_date('26-MAR-15','DD-MON-RR'));
Insert into TBCWP_SSS.TBCWP_MESSAGE (ID,MESSAGE_ID,CREATE_DATE) values (100,'_5a31c85ac3d54f60aefe684288b3400a',to_date('26-MAR-15','DD-MON-RR'));
Insert into TBCWP_SSS.TBCWP_MESSAGE (ID,MESSAGE_ID,CREATE_DATE) values (101,'_d2f1f56f1e294712a4170242b70caa4d',to_date('26-MAR-15','DD-MON-RR'));
Insert into TBCWP_SSS.TBCWP_MESSAGE (ID,MESSAGE_ID,CREATE_DATE) values (129,'_f7c6a3224b4b4e33b7c7cffe22e08f60',to_date('26-MAR-15','DD-MON-RR'));
Insert into TBCWP_SSS.TBCWP_MESSAGE (ID,MESSAGE_ID,CREATE_DATE) values (130,'_90fa04b735144d3f8527bb3a909b243f',to_date('26-MAR-15','DD-MON-RR'));
Insert into TBCWP_SSS.TBCWP_MESSAGE (ID,MESSAGE_ID,CREATE_DATE) values (131,'_1a541861188b497aa5da6c78de15ea52',to_date('26-MAR-15','DD-MON-RR'));
Insert into TBCWP_SSS.TBCWP_MESSAGE (ID,MESSAGE_ID,CREATE_DATE) values (132,'_e952ab0a2ebd471cab4238e5b403335f',to_date('26-MAR-15','DD-MON-RR'));
Insert into TBCWP_SSS.TBCWP_MESSAGE (ID,MESSAGE_ID,CREATE_DATE) values (133,'_149ba442b0d44f99821abb2c183039b3',to_date('26-MAR-15','DD-MON-RR'));
Insert into TBCWP_SSS.TBCWP_MESSAGE (ID,MESSAGE_ID,CREATE_DATE) values (134,'_c2bdccf2d09f4849b8762a56bb1ff9c1',to_date('26-MAR-15','DD-MON-RR'));
Insert into TBCWP_SSS.TBCWP_MESSAGE (ID,MESSAGE_ID,CREATE_DATE) values (135,'_89c05b762b1b4152a1c0630de19e43b8',to_date('26-MAR-15','DD-MON-RR'));
Insert into TBCWP_SSS.TBCWP_MESSAGE (ID,MESSAGE_ID,CREATE_DATE) values (164,'_6fcb28e80590405f8ca65c220deee41f',to_date('27-MAR-15','DD-MON-RR'));
Insert into TBCWP_SSS.TBCWP_MESSAGE (ID,MESSAGE_ID,CREATE_DATE) values (165,'_441754f57f944ba3b0cec03a76e21ce1',to_date('27-MAR-15','DD-MON-RR'));
Insert into TBCWP_SSS.TBCWP_MESSAGE (ID,MESSAGE_ID,CREATE_DATE) values (166,'_73ca584eef2d46d1bc8960ffaf02a3d8',to_date('27-MAR-15','DD-MON-RR'));
Insert into TBCWP_SSS.TBCWP_MESSAGE (ID,MESSAGE_ID,CREATE_DATE) values (167,'_a7832afdef6a4b239aeff14677fa2c43',to_date('27-MAR-15','DD-MON-RR'));
Insert into TBCWP_SSS.TBCWP_MESSAGE (ID,MESSAGE_ID,CREATE_DATE) values (168,'_e0b81872e74c458abf3d0521ef5b8dcf',to_date('27-MAR-15','DD-MON-RR'));
Insert into TBCWP_SSS.TBCWP_MESSAGE (ID,MESSAGE_ID,CREATE_DATE) values (169,'_0d5bafccd40147ce9979eed62fd97680',to_date('27-MAR-15','DD-MON-RR'));
Insert into TBCWP_SSS.TBCWP_MESSAGE (ID,MESSAGE_ID,CREATE_DATE) values (176,'_ef29419e21eb42adb315511752efcf4e',to_date('27-MAR-15','DD-MON-RR'));
Insert into TBCWP_SSS.TBCWP_MESSAGE (ID,MESSAGE_ID,CREATE_DATE) values (177,'_ec7c279d75294da7941b04a556201c4d',to_date('27-MAR-15','DD-MON-RR'));
Insert into TBCWP_SSS.TBCWP_MESSAGE (ID,MESSAGE_ID,CREATE_DATE) values (178,'_2d147cf0caf4434ea232578d20ec54cd',to_date('27-MAR-15','DD-MON-RR'));
Insert into TBCWP_SSS.TBCWP_MESSAGE (ID,MESSAGE_ID,CREATE_DATE) values (179,'_1fb6934ac0c04f2b9bd7c476fb04ac83',to_date('27-MAR-15','DD-MON-RR'));
Insert into TBCWP_SSS.TBCWP_MESSAGE (ID,MESSAGE_ID,CREATE_DATE) values (180,'_170a7057d18f4dd8825e7dfe59e195fa',to_date('27-MAR-15','DD-MON-RR'));
Insert into TBCWP_SSS.TBCWP_MESSAGE (ID,MESSAGE_ID,CREATE_DATE) values (181,'_239957686344443192afca8eea40bf15',to_date('27-MAR-15','DD-MON-RR'));
Insert into TBCWP_SSS.TBCWP_MESSAGE (ID,MESSAGE_ID,CREATE_DATE) values (182,'_0056dbaefde2456193a53c75bc4b39d6',to_date('27-MAR-15','DD-MON-RR'));
Insert into TBCWP_SSS.TBCWP_MESSAGE (ID,MESSAGE_ID,CREATE_DATE) values (183,'_cb2061f515624be0998c6f24b9badc25',to_date('27-MAR-15','DD-MON-RR'));
Insert into TBCWP_SSS.TBCWP_MESSAGE (ID,MESSAGE_ID,CREATE_DATE) values (184,'_d58007c07b374603980de7f8c72dca49',to_date('27-MAR-15','DD-MON-RR'));
Insert into TBCWP_SSS.TBCWP_MESSAGE (ID,MESSAGE_ID,CREATE_DATE) values (185,'_131b7dc69cad4ace8a88d9b32309149d',to_date('27-MAR-15','DD-MON-RR'));
Insert into TBCWP_SSS.TBCWP_MESSAGE (ID,MESSAGE_ID,CREATE_DATE) values (186,'_4171bc9945174ac2ae183e981c3e943e',to_date('27-MAR-15','DD-MON-RR'));
Insert into TBCWP_SSS.TBCWP_MESSAGE (ID,MESSAGE_ID,CREATE_DATE) values (187,'_43097656da3c4ac6af0869e9e6d36a06',to_date('27-MAR-15','DD-MON-RR'));
Insert into TBCWP_SSS.TBCWP_MESSAGE (ID,MESSAGE_ID,CREATE_DATE) values (188,'_a2c0feb6470b4b208f1fd8ea2d485a4b',to_date('27-MAR-15','DD-MON-RR'));
Insert into TBCWP_SSS.TBCWP_MESSAGE (ID,MESSAGE_ID,CREATE_DATE) values (189,'_bd904cb3f2214c16b7ae7ba65274837a',to_date('27-MAR-15','DD-MON-RR'));
Insert into TBCWP_SSS.TBCWP_MESSAGE (ID,MESSAGE_ID,CREATE_DATE) values (190,'_0690007c2e1c46ada899fc7870e74f4e',to_date('27-MAR-15','DD-MON-RR'));
Insert into TBCWP_SSS.TBCWP_MESSAGE (ID,MESSAGE_ID,CREATE_DATE) values (191,'_b4c749b5d63744ed853fe02ea350d500',to_date('27-MAR-15','DD-MON-RR'));
Insert into TBCWP_SSS.TBCWP_MESSAGE (ID,MESSAGE_ID,CREATE_DATE) values (192,'_c6b6d0d09f824453b2381eaccb3468c6',to_date('27-MAR-15','DD-MON-RR'));
Insert into TBCWP_SSS.TBCWP_MESSAGE (ID,MESSAGE_ID,CREATE_DATE) values (193,'_18d0c4b33c78479e87a8361c32c84784',to_date('27-MAR-15','DD-MON-RR'));
Insert into TBCWP_SSS.TBCWP_MESSAGE (ID,MESSAGE_ID,CREATE_DATE) values (195,'_0b7bfb8951244e46bb67e2a2ef0aa386',to_date('27-MAR-15','DD-MON-RR'));
Insert into TBCWP_SSS.TBCWP_MESSAGE (ID,MESSAGE_ID,CREATE_DATE) values (197,'_17a565d12261480ca689c068f828a439',to_date('27-MAR-15','DD-MON-RR'));
Insert into TBCWP_SSS.TBCWP_MESSAGE (ID,MESSAGE_ID,CREATE_DATE) values (198,'_1e5fc65d172142a8b4ee4b1e0ac23356',to_date('27-MAR-15','DD-MON-RR'));
Insert into TBCWP_SSS.TBCWP_MESSAGE (ID,MESSAGE_ID,CREATE_DATE) values (199,'_de6b346ddb61432bbbbcfb03a09d2e77',to_date('27-MAR-15','DD-MON-RR'));
Insert into TBCWP_SSS.TBCWP_MESSAGE (ID,MESSAGE_ID,CREATE_DATE) values (200,'_942dfe91069e4afa9a5f2ad25199effb',to_date('27-MAR-15','DD-MON-RR'));
Insert into TBCWP_SSS.TBCWP_MESSAGE (ID,MESSAGE_ID,CREATE_DATE) values (201,'_6d5e8c635c1d467d871d90a3c92a029d',to_date('27-MAR-15','DD-MON-RR'));
Insert into TBCWP_SSS.TBCWP_MESSAGE (ID,MESSAGE_ID,CREATE_DATE) values (202,'_6552dfc8b44949a9b1104f3b23ccdc53',to_date('27-MAR-15','DD-MON-RR'));
Insert into TBCWP_SSS.TBCWP_MESSAGE (ID,MESSAGE_ID,CREATE_DATE) values (203,'_bcd02a27d0bd4b02b3f1e2c50ca94b7a',to_date('27-MAR-15','DD-MON-RR'));
Insert into TBCWP_SSS.TBCWP_MESSAGE (ID,MESSAGE_ID,CREATE_DATE) values (204,'_06ec8653e7aa4e598f3311a5e1f1d7f8',to_date('27-MAR-15','DD-MON-RR'));
Insert into TBCWP_SSS.TBCWP_MESSAGE (ID,MESSAGE_ID,CREATE_DATE) values (205,'_f6f2bab9fb00432eab114436b49df57f',to_date('27-MAR-15','DD-MON-RR'));
Insert into TBCWP_SSS.TBCWP_MESSAGE (ID,MESSAGE_ID,CREATE_DATE) values (206,'_388db02d14d34704b9a700b74b702771',to_date('27-MAR-15','DD-MON-RR'));
Insert into TBCWP_SSS.TBCWP_MESSAGE (ID,MESSAGE_ID,CREATE_DATE) values (207,'_e61e5c75a32942bbaf95ab54d97b19bd',to_date('27-MAR-15','DD-MON-RR'));
Insert into TBCWP_SSS.TBCWP_MESSAGE (ID,MESSAGE_ID,CREATE_DATE) values (4,'_88af8bf1e4364f6d92fcadbf74358e01',to_date('25-MAR-15','DD-MON-RR'));
Insert into TBCWP_SSS.TBCWP_MESSAGE (ID,MESSAGE_ID,CREATE_DATE) values (5,'_d84c63091cbb47f59cefdbabac4f83e9',to_date('25-MAR-15','DD-MON-RR'));
Insert into TBCWP_SSS.TBCWP_MESSAGE (ID,MESSAGE_ID,CREATE_DATE) values (6,'_4e75ddceedb941a6a9a1441d4246819f',to_date('25-MAR-15','DD-MON-RR'));
Insert into TBCWP_SSS.TBCWP_MESSAGE (ID,MESSAGE_ID,CREATE_DATE) values (7,'_20a1db80e31e490a9f63daba6df85b42',to_date('25-MAR-15','DD-MON-RR'));
Insert into TBCWP_SSS.TBCWP_MESSAGE (ID,MESSAGE_ID,CREATE_DATE) values (8,'_7caafd7bb1df4c70bba0efd00be736a8',to_date('25-MAR-15','DD-MON-RR'));
Insert into TBCWP_SSS.TBCWP_MESSAGE (ID,MESSAGE_ID,CREATE_DATE) values (41,'_78b8927fae3f4c6790250b1ae76a0b71',to_date('26-MAR-15','DD-MON-RR'));
Insert into TBCWP_SSS.TBCWP_MESSAGE (ID,MESSAGE_ID,CREATE_DATE) values (42,'_18ef24dc59b7437c98ba0984efccfe31',to_date('26-MAR-15','DD-MON-RR'));
Insert into TBCWP_SSS.TBCWP_MESSAGE (ID,MESSAGE_ID,CREATE_DATE) values (43,'_c0fcd661753c4640ae64ce932897826f',to_date('26-MAR-15','DD-MON-RR'));
Insert into TBCWP_SSS.TBCWP_MESSAGE (ID,MESSAGE_ID,CREATE_DATE) values (44,'_43aed6bc65c34351a5c7ba28ac9f4ac2',to_date('26-MAR-15','DD-MON-RR'));
Insert into TBCWP_SSS.TBCWP_MESSAGE (ID,MESSAGE_ID,CREATE_DATE) values (45,'_cbfe75c6711b4d979d1e64bf8ff8de52',to_date('26-MAR-15','DD-MON-RR'));
Insert into TBCWP_SSS.TBCWP_MESSAGE (ID,MESSAGE_ID,CREATE_DATE) values (46,'_803124a98a5a40d289b2fb0316fc0886',to_date('26-MAR-15','DD-MON-RR'));
Insert into TBCWP_SSS.TBCWP_MESSAGE (ID,MESSAGE_ID,CREATE_DATE) values (47,'_5c76cb996e7e4f27b99c0f68ec1cf5a0',to_date('26-MAR-15','DD-MON-RR'));
Insert into TBCWP_SSS.TBCWP_MESSAGE (ID,MESSAGE_ID,CREATE_DATE) values (48,'_b893d45f2f7e473b9e832b33fd7e593b',to_date('26-MAR-15','DD-MON-RR'));
Insert into TBCWP_SSS.TBCWP_MESSAGE (ID,MESSAGE_ID,CREATE_DATE) values (49,'_54321d61e4e54d9f9ff1f18ea4756b42',to_date('26-MAR-15','DD-MON-RR'));
Insert into TBCWP_SSS.TBCWP_MESSAGE (ID,MESSAGE_ID,CREATE_DATE) values (50,'_1b35a9fd87734eeba66e52966cd7e75f',to_date('26-MAR-15','DD-MON-RR'));
Insert into TBCWP_SSS.TBCWP_MESSAGE (ID,MESSAGE_ID,CREATE_DATE) values (51,'_74e8055311924c9c8f9c8cd33d93db28',to_date('26-MAR-15','DD-MON-RR'));
Insert into TBCWP_SSS.TBCWP_MESSAGE (ID,MESSAGE_ID,CREATE_DATE) values (52,'_37dbb809693e4ebbb0b60c4a804b8fa4',to_date('26-MAR-15','DD-MON-RR'));
Insert into TBCWP_SSS.TBCWP_MESSAGE (ID,MESSAGE_ID,CREATE_DATE) values (53,'_a3e41d3d2ed145529adc8604ff66883a',to_date('26-MAR-15','DD-MON-RR'));
Insert into TBCWP_SSS.TBCWP_MESSAGE (ID,MESSAGE_ID,CREATE_DATE) values (54,'_547ee16bcfb74a4c8ad1b1690d55751d',to_date('26-MAR-15','DD-MON-RR'));
Insert into TBCWP_SSS.TBCWP_MESSAGE (ID,MESSAGE_ID,CREATE_DATE) values (55,'_4ce3937be27844cdba1418726247376e',to_date('26-MAR-15','DD-MON-RR'));
Insert into TBCWP_SSS.TBCWP_MESSAGE (ID,MESSAGE_ID,CREATE_DATE) values (56,'_fba5b4ea9b5a4d81b1e6bdb13738f5bb',to_date('26-MAR-15','DD-MON-RR'));
Insert into TBCWP_SSS.TBCWP_MESSAGE (ID,MESSAGE_ID,CREATE_DATE) values (57,'_ef82cfd7ec1a4ddb841b8b8143b08077',to_date('26-MAR-15','DD-MON-RR'));
Insert into TBCWP_SSS.TBCWP_MESSAGE (ID,MESSAGE_ID,CREATE_DATE) values (58,'_e824e8a1a799405e8fe3de29965f0564',to_date('26-MAR-15','DD-MON-RR'));
Insert into TBCWP_SSS.TBCWP_MESSAGE (ID,MESSAGE_ID,CREATE_DATE) values (59,'_eb325ba96e4645568b69a6090bb11bfe',to_date('26-MAR-15','DD-MON-RR'));
Insert into TBCWP_SSS.TBCWP_MESSAGE (ID,MESSAGE_ID,CREATE_DATE) values (60,'_211e74ab1d994050b6d1e05d56bdc307',to_date('26-MAR-15','DD-MON-RR'));
Insert into TBCWP_SSS.TBCWP_MESSAGE (ID,MESSAGE_ID,CREATE_DATE) values (61,'_a3b57a2aa04343db92255a276512dcc0',to_date('26-MAR-15','DD-MON-RR'));
Insert into TBCWP_SSS.TBCWP_MESSAGE (ID,MESSAGE_ID,CREATE_DATE) values (62,'_13c3b6cdfc084a9982407a5ae796927e',to_date('26-MAR-15','DD-MON-RR'));
Insert into TBCWP_SSS.TBCWP_MESSAGE (ID,MESSAGE_ID,CREATE_DATE) values (63,'_c887eb4c983947e9aab33c144ef3cef6',to_date('26-MAR-15','DD-MON-RR'));
Insert into TBCWP_SSS.TBCWP_MESSAGE (ID,MESSAGE_ID,CREATE_DATE) values (64,'_3f16a0a8c9ca43ada8bcabef42c5f332',to_date('26-MAR-15','DD-MON-RR'));
Insert into TBCWP_SSS.TBCWP_MESSAGE (ID,MESSAGE_ID,CREATE_DATE) values (65,'_58ebd5938d6149f1b7ee4c7fb6b9089c',to_date('26-MAR-15','DD-MON-RR'));
Insert into TBCWP_SSS.TBCWP_MESSAGE (ID,MESSAGE_ID,CREATE_DATE) values (66,'_a77baa24341c4b17a061946bbbd6ef7f',to_date('26-MAR-15','DD-MON-RR'));
Insert into TBCWP_SSS.TBCWP_MESSAGE (ID,MESSAGE_ID,CREATE_DATE) values (67,'_1f02159fd6054e21a02deb59e3ea5fff',to_date('26-MAR-15','DD-MON-RR'));
Insert into TBCWP_SSS.TBCWP_MESSAGE (ID,MESSAGE_ID,CREATE_DATE) values (68,'_f6b59847038f4c9cbe1b5d923758d329',to_date('26-MAR-15','DD-MON-RR'));
Insert into TBCWP_SSS.TBCWP_MESSAGE (ID,MESSAGE_ID,CREATE_DATE) values (69,'_654288a5d7fc43c4ae9c2ac19b75bbca',to_date('26-MAR-15','DD-MON-RR'));
Insert into TBCWP_SSS.TBCWP_MESSAGE (ID,MESSAGE_ID,CREATE_DATE) values (70,'_3bf7ae64f6714a97bda66d3aba8b1555',to_date('26-MAR-15','DD-MON-RR'));
Insert into TBCWP_SSS.TBCWP_MESSAGE (ID,MESSAGE_ID,CREATE_DATE) values (71,'_9b79279cabcf4fbcb9cce4819698eee0',to_date('26-MAR-15','DD-MON-RR'));
Insert into TBCWP_SSS.TBCWP_MESSAGE (ID,MESSAGE_ID,CREATE_DATE) values (72,'_b04eeffe38394d949e897a9bd9d8c2eb',to_date('26-MAR-15','DD-MON-RR'));
Insert into TBCWP_SSS.TBCWP_MESSAGE (ID,MESSAGE_ID,CREATE_DATE) values (73,'_3c9e4ad97a984f3db68e313a77806fbc',to_date('26-MAR-15','DD-MON-RR'));
Insert into TBCWP_SSS.TBCWP_MESSAGE (ID,MESSAGE_ID,CREATE_DATE) values (74,'_b48c15e2d65a4c0990efd39b257c0d88',to_date('26-MAR-15','DD-MON-RR'));
Insert into TBCWP_SSS.TBCWP_MESSAGE (ID,MESSAGE_ID,CREATE_DATE) values (75,'_8ab559e985d94aa8854a1a324cf94723',to_date('26-MAR-15','DD-MON-RR'));
Insert into TBCWP_SSS.TBCWP_MESSAGE (ID,MESSAGE_ID,CREATE_DATE) values (76,'_6eca717e24fc43d88f288ce5ceec7737',to_date('26-MAR-15','DD-MON-RR'));
Insert into TBCWP_SSS.TBCWP_MESSAGE (ID,MESSAGE_ID,CREATE_DATE) values (77,'_219a9a5e620f4e8abf6424b4548260df',to_date('26-MAR-15','DD-MON-RR'));
Insert into TBCWP_SSS.TBCWP_MESSAGE (ID,MESSAGE_ID,CREATE_DATE) values (78,'_33d2422e670340ccba4da815150f89df',to_date('26-MAR-15','DD-MON-RR'));
Insert into TBCWP_SSS.TBCWP_MESSAGE (ID,MESSAGE_ID,CREATE_DATE) values (79,'_bff68bcb1dcf422b8f3237325b384a9b',to_date('26-MAR-15','DD-MON-RR'));
Insert into TBCWP_SSS.TBCWP_MESSAGE (ID,MESSAGE_ID,CREATE_DATE) values (80,'_4e0956d204b148c6a9c4a76b9c7de06e',to_date('26-MAR-15','DD-MON-RR'));
Insert into TBCWP_SSS.TBCWP_MESSAGE (ID,MESSAGE_ID,CREATE_DATE) values (81,'_0c980c0cb3f54ef69981e594ba9981f9',to_date('26-MAR-15','DD-MON-RR'));
Insert into TBCWP_SSS.TBCWP_MESSAGE (ID,MESSAGE_ID,CREATE_DATE) values (82,'_93ffe63e80c446eebfb91d1deac1e3e7',to_date('26-MAR-15','DD-MON-RR'));
Insert into TBCWP_SSS.TBCWP_MESSAGE (ID,MESSAGE_ID,CREATE_DATE) values (83,'_09d3a45ca0594f48a3cadceeb55718a4',to_date('26-MAR-15','DD-MON-RR'));
Insert into TBCWP_SSS.TBCWP_MESSAGE (ID,MESSAGE_ID,CREATE_DATE) values (84,'_eee34e1ec1014337b61f503b6205a099',to_date('26-MAR-15','DD-MON-RR'));
Insert into TBCWP_SSS.TBCWP_MESSAGE (ID,MESSAGE_ID,CREATE_DATE) values (85,'_fcaa11e5126b4f73a00918bd9f583207',to_date('26-MAR-15','DD-MON-RR'));
Insert into TBCWP_SSS.TBCWP_MESSAGE (ID,MESSAGE_ID,CREATE_DATE) values (86,'_28fb2ea54da0475bb9187e20ae4de8f9',to_date('26-MAR-15','DD-MON-RR'));
Insert into TBCWP_SSS.TBCWP_MESSAGE (ID,MESSAGE_ID,CREATE_DATE) values (161,'_3d54cea4a2e442ada6d34d2602ec026f',to_date('27-MAR-15','DD-MON-RR'));
Insert into TBCWP_SSS.TBCWP_MESSAGE (ID,MESSAGE_ID,CREATE_DATE) values (162,'_c771cc7daf7b4239a3de0249813e8315',to_date('27-MAR-15','DD-MON-RR'));
Insert into TBCWP_SSS.TBCWP_MESSAGE (ID,MESSAGE_ID,CREATE_DATE) values (163,'_14cf4488cda543c89b3d9c4555e8bd2d',to_date('27-MAR-15','DD-MON-RR'));
Insert into TBCWP_SSS.TBCWP_MESSAGE (ID,MESSAGE_ID,CREATE_DATE) values (170,'_4f5fd4c39bd44984913b5cb96367e0d0',to_date('27-MAR-15','DD-MON-RR'));
Insert into TBCWP_SSS.TBCWP_MESSAGE (ID,MESSAGE_ID,CREATE_DATE) values (171,'_93fb281250f34f579c603520377d536f',to_date('27-MAR-15','DD-MON-RR'));
Insert into TBCWP_SSS.TBCWP_MESSAGE (ID,MESSAGE_ID,CREATE_DATE) values (172,'_b3944575b40b46d59cdbf5875221512b',to_date('27-MAR-15','DD-MON-RR'));
Insert into TBCWP_SSS.TBCWP_MESSAGE (ID,MESSAGE_ID,CREATE_DATE) values (173,'_4f855f6714ba49ba99724720892e4656',to_date('27-MAR-15','DD-MON-RR'));
Insert into TBCWP_SSS.TBCWP_MESSAGE (ID,MESSAGE_ID,CREATE_DATE) values (174,'_cbdd065295334e00a90422083d1f9cd0',to_date('27-MAR-15','DD-MON-RR'));
Insert into TBCWP_SSS.TBCWP_MESSAGE (ID,MESSAGE_ID,CREATE_DATE) values (175,'_4ea686bd01504f5fa8a461612892a170',to_date('27-MAR-15','DD-MON-RR'));
Insert into TBCWP_SSS.TBCWP_MESSAGE (ID,MESSAGE_ID,CREATE_DATE) values (194,'_73db33c0b7b64f5fbb7058b432ba5e7b',to_date('27-MAR-15','DD-MON-RR'));
Insert into TBCWP_SSS.TBCWP_MESSAGE (ID,MESSAGE_ID,CREATE_DATE) values (196,'_e6b4c289db4346328e5d95971221f2a9',to_date('27-MAR-15','DD-MON-RR'));
Insert into TBCWP_SSS.TBCWP_MESSAGE (ID,MESSAGE_ID,CREATE_DATE) values (221,'_1371eafb22ae4512bc203b4f18e9f7eb',to_date('30-MAR-15','DD-MON-RR'));
Insert into TBCWP_SSS.TBCWP_MESSAGE (ID,MESSAGE_ID,CREATE_DATE) values (222,'_ec504e21ab6d4c73ac8faee828ec110a',to_date('30-MAR-15','DD-MON-RR'));
Insert into TBCWP_SSS.TBCWP_MESSAGE (ID,MESSAGE_ID,CREATE_DATE) values (223,'_075021c1b8134543b38c32f13eb5a99d',to_date('30-MAR-15','DD-MON-RR'));
Insert into TBCWP_SSS.TBCWP_MESSAGE (ID,MESSAGE_ID,CREATE_DATE) values (111,'_3cc296e504e54e4b90fa2ad578263905',to_date('26-MAR-15','DD-MON-RR'));
Insert into TBCWP_SSS.TBCWP_MESSAGE (ID,MESSAGE_ID,CREATE_DATE) values (112,'_f0934a7c491146bd9a7a03a96ddf2bc4',to_date('26-MAR-15','DD-MON-RR'));
Insert into TBCWP_SSS.TBCWP_MESSAGE (ID,MESSAGE_ID,CREATE_DATE) values (113,'_ba642606d2be491ebb681eea46681dbe',to_date('26-MAR-15','DD-MON-RR'));
Insert into TBCWP_SSS.TBCWP_MESSAGE (ID,MESSAGE_ID,CREATE_DATE) values (114,'_274e05d2c1d44256b543df3e9942bca9',to_date('26-MAR-15','DD-MON-RR'));
Insert into TBCWP_SSS.TBCWP_MESSAGE (ID,MESSAGE_ID,CREATE_DATE) values (115,'_b3b53e843ac648d5bd6c85f16e71b997',to_date('26-MAR-15','DD-MON-RR'));
Insert into TBCWP_SSS.TBCWP_MESSAGE (ID,MESSAGE_ID,CREATE_DATE) values (116,'_f96a7cb9784c42f5a11981d3e8559450',to_date('26-MAR-15','DD-MON-RR'));
Insert into TBCWP_SSS.TBCWP_MESSAGE (ID,MESSAGE_ID,CREATE_DATE) values (117,'_259a5936cf9f4875a7b84b706799b51f',to_date('26-MAR-15','DD-MON-RR'));
Insert into TBCWP_SSS.TBCWP_MESSAGE (ID,MESSAGE_ID,CREATE_DATE) values (118,'_c5ea5467821d4f2e8aa70002fe61c279',to_date('26-MAR-15','DD-MON-RR'));
Insert into TBCWP_SSS.TBCWP_MESSAGE (ID,MESSAGE_ID,CREATE_DATE) values (119,'_cae55cdf40c544ee981804593647f916',to_date('26-MAR-15','DD-MON-RR'));
REM INSERTING into TBCWP_SSS.TBCWP_REDIRECT
SET DEFINE OFF;
Insert into TBCWP_SSS.TBCWP_REDIRECT (ID,SOURCE,DESTINATION,HTTP_CODE,REDIRECT_TO_HTTPS) values (1,'PortalInfo',null,404,null);
Insert into TBCWP_SSS.TBCWP_REDIRECT (ID,SOURCE,DESTINATION,HTTP_CODE,REDIRECT_TO_HTTPS) values (2,'/acs$','/portal/auth/portal/agent',307,null);
Insert into TBCWP_SSS.TBCWP_REDIRECT (ID,SOURCE,DESTINATION,HTTP_CODE,REDIRECT_TO_HTTPS) values (3,'/admin$','/portal/auth/portal/admin',307,null);
Insert into TBCWP_SSS.TBCWP_REDIRECT (ID,SOURCE,DESTINATION,HTTP_CODE,REDIRECT_TO_HTTPS) values (4,'(.*)\.jsp(.*)','$1.html$2',301,null);
Insert into TBCWP_SSS.TBCWP_REDIRECT (ID,SOURCE,DESTINATION,HTTP_CODE,REDIRECT_TO_HTTPS) values (5,'home.jsp$','home.html',301,null);
Insert into TBCWP_SSS.TBCWP_REDIRECT (ID,SOURCE,DESTINATION,HTTP_CODE,REDIRECT_TO_HTTPS) values (6,'finance/?$','home.html',301,null);
Insert into TBCWP_SSS.TBCWP_REDIRECT (ID,SOURCE,DESTINATION,HTTP_CODE,REDIRECT_TO_HTTPS) values (7,'register_insecure','servicing',301,null);
Insert into TBCWP_SSS.TBCWP_REDIRECT (ID,SOURCE,DESTINATION,HTTP_CODE,REDIRECT_TO_HTTPS) values (8,'finance/travelmoney','travel/travelmoney',301,null);
Insert into TBCWP_SSS.TBCWP_REDIRECT (ID,SOURCE,DESTINATION,HTTP_CODE,REDIRECT_TO_HTTPS) values (9,'insurance/travelins/elh/what-to-do-when-you-fall(\+|\s|%20)ill-abroad.html','insurance/travelins/elh/what-to-do-when-you-fall-ill-abroad.html',301,null);
Insert into TBCWP_SSS.TBCWP_REDIRECT (ID,SOURCE,DESTINATION,HTTP_CODE,REDIRECT_TO_HTTPS) values (10,'insurance/([^\/]+)/([^\/]+/)*([^\/]+\.pdf)','assets/sections/$1/pdf/$3',301,null);
Insert into TBCWP_SSS.TBCWP_REDIRECT (ID,SOURCE,DESTINATION,HTTP_CODE,REDIRECT_TO_HTTPS) values (11,'.*servicing/bus_card/redirect.*','https://cardsonline-commercial.com/RBSG_Commercial/Login.do?promoCode=TPF',302,null);
Insert into TBCWP_SSS.TBCWP_REDIRECT (ID,SOURCE,DESTINATION,HTTP_CODE,REDIRECT_TO_HTTPS) values (12,'.*servicing/insurance/redirect.*','http://www.tesco-insurance.co.uk/insurance/startaction.do?entrypoint=0004&operation=0002',302,null);
Insert into TBCWP_SSS.TBCWP_REDIRECT (ID,SOURCE,DESTINATION,HTTP_CODE,REDIRECT_TO_HTTPS) values (13,'.*insurance/carins/value/redirect-quote.*','https://generalins.tescobank.com/tesco/quote/rtp/pc/disclaimer.launch?PolicyType=PC&CompanyName=tesco&brandName=rtp',302,null);
Insert into TBCWP_SSS.TBCWP_REDIRECT (ID,SOURCE,DESTINATION,HTTP_CODE,REDIRECT_TO_HTTPS) values (14,'.*insurance/lifeins/callback.*','https://life.tescofinance.com/service/tb/callback',302,null);
Insert into TBCWP_SSS.TBCWP_REDIRECT (ID,SOURCE,DESTINATION,HTTP_CODE,REDIRECT_TO_HTTPS) values (15,'.*servicing/credit_card_online/redirect.*','https://cardservicing.tescofinance.com/RBSG_Consumer/Login.do?promoCode=TESCO',302,null);
Insert into TBCWP_SSS.TBCWP_REDIRECT (ID,SOURCE,DESTINATION,HTTP_CODE,REDIRECT_TO_HTTPS) values (16,'servicing/accs_pols/redirect.*','sss/auth',302,null);
Insert into TBCWP_SSS.TBCWP_REDIRECT (ID,SOURCE,DESTINATION,HTTP_CODE,REDIRECT_TO_HTTPS) values (17,'.*insurance/lifeins/retrievequote.html','https://secure.life.tescobank.com/capps/auth_entry_point.htm?appId=TPF&appType=50&Action=retrievequote',301,null);
Insert into TBCWP_SSS.TBCWP_REDIRECT (ID,SOURCE,DESTINATION,HTTP_CODE,REDIRECT_TO_HTTPS) values (18,'.*insurance/carins/redirect-retrieve.html','https://generalins.tescobank.com/tesco/quote/rtp/pc/startquote.launch?PolicyType=PC&amp;amp;CompanyName=tesco&amp;amp;brandName=rtp',301,null);
Insert into TBCWP_SSS.TBCWP_REDIRECT (ID,SOURCE,DESTINATION,HTTP_CODE,REDIRECT_TO_HTTPS) values (19,'.*insurance/carins/value/redirect-quote.*','https://generalins.tescobank.com/tesco/quote/rtp/pc/disclaimer.launch?PolicyType=PC&CompanyName=tesco&brandName=rtp',302,null);
Insert into TBCWP_SSS.TBCWP_REDIRECT (ID,SOURCE,DESTINATION,HTTP_CODE,REDIRECT_TO_HTTPS) values (20,'.*insurance/homeins/redirect-retrieve.html','https://generalins.tescobank.com/tesco/quote/rtp/hc/startquote.launch?PolicyType=HC&amp;CompanyName=tesco&amp;brandName=rtp',301,null);
Insert into TBCWP_SSS.TBCWP_REDIRECT (ID,SOURCE,DESTINATION,HTTP_CODE,REDIRECT_TO_HTTPS) values (21,'.*insurance/petins/redirect-retrieve.html','https://pet.tescobank.com/initial.aspx?type=webuser',301,null);
Insert into TBCWP_SSS.TBCWP_REDIRECT (ID,SOURCE,DESTINATION,HTTP_CODE,REDIRECT_TO_HTTPS) values (22,'savings/important-info.html\?ProdCode=InstantAccess','assets/sections/savings/pdf/tesco-instant-access-terms-and-conditions.pdf',302,null);
Insert into TBCWP_SSS.TBCWP_REDIRECT (ID,SOURCE,DESTINATION,HTTP_CODE,REDIRECT_TO_HTTPS) values (23,'savings/important-info.html\?ProdCode=InternetSaver','assets/sections/savings/pdf/tesco-internet-saver-terms-and-conditions.pdf',302,null);
Insert into TBCWP_SSS.TBCWP_REDIRECT (ID,SOURCE,DESTINATION,HTTP_CODE,REDIRECT_TO_HTTPS) values (24,'savings/important-info.html\?ProdCode=FixedRateSaver','assets/sections/savings/pdf/tesco-fixed-rate-saver-terms-and-conditions.pdf',302,null);
Insert into TBCWP_SSS.TBCWP_REDIRECT (ID,SOURCE,DESTINATION,HTTP_CODE,REDIRECT_TO_HTTPS) values (25,'onlinebanking/login-error.html','errors/login-error.html',301,'1');
Insert into TBCWP_SSS.TBCWP_REDIRECT (ID,SOURCE,DESTINATION,HTTP_CODE,REDIRECT_TO_HTTPS) values (26,'onlinebanking/pdfs/([^\/]+\.pdf)','assets/sections/onlinebanking/pdf/$1',301,null);
Insert into TBCWP_SSS.TBCWP_REDIRECT (ID,SOURCE,DESTINATION,HTTP_CODE,REDIRECT_TO_HTTPS) values (27,'insurance/([^\/]+)/([^\/]+/)*([^\/]+\.pdf)','assets/sections/$1/pdf/$3',301,null);
Insert into TBCWP_SSS.TBCWP_REDIRECT (ID,SOURCE,DESTINATION,HTTP_CODE,REDIRECT_TO_HTTPS) values (28,'.*insurance/travelins/redirect-retrieve.html','https://travel.tescobank.com/try_login.php?from=quote',301,null);
Insert into TBCWP_SSS.TBCWP_REDIRECT (ID,SOURCE,DESTINATION,HTTP_CODE,REDIRECT_TO_HTTPS) values (29,'onlinebanking/pdfs/([^\/]+\.pdf)','assets/sections/onlinebanking/pdf/$1',301,null);
Insert into TBCWP_SSS.TBCWP_REDIRECT (ID,SOURCE,DESTINATION,HTTP_CODE,REDIRECT_TO_HTTPS) values (30,'help/community','community',301,null);
Insert into TBCWP_SSS.TBCWP_REDIRECT (ID,SOURCE,DESTINATION,HTTP_CODE,REDIRECT_TO_HTTPS) values (31,'ecd_demo/default.html','demos/index.html',301,null);
Insert into TBCWP_SSS.TBCWP_REDIRECT (ID,SOURCE,DESTINATION,HTTP_CODE,REDIRECT_TO_HTTPS) values (32,'smarter_money/index.html','loans/elh/budgeting.html',301,null);
Insert into TBCWP_SSS.TBCWP_REDIRECT (ID,SOURCE,DESTINATION,HTTP_CODE,REDIRECT_TO_HTTPS) values (33,'finance/creditcards/([^\/]+)/([^\/]+/)*([^\/]+\.pdf)','assets/sections/credit-cards/pdf/$3',301,null);
Insert into TBCWP_SSS.TBCWP_REDIRECT (ID,SOURCE,DESTINATION,HTTP_CODE,REDIRECT_TO_HTTPS) values (34,'onlinebankingtroubleshooting$','change/online-banking-troubleshooting.html',301,null);
Insert into TBCWP_SSS.TBCWP_REDIRECT (ID,SOURCE,DESTINATION,HTTP_CODE,REDIRECT_TO_HTTPS) values (35,'onlinebankingrequirements$','change/minimum-requirements.html',301,null);
Insert into TBCWP_SSS.TBCWP_REDIRECT (ID,SOURCE,DESTINATION,HTTP_CODE,REDIRECT_TO_HTTPS) values (36,'sec/?$','sec/home.html',301,null);
Insert into TBCWP_SSS.TBCWP_REDIRECT (ID,SOURCE,DESTINATION,HTTP_CODE,REDIRECT_TO_HTTPS) values (37,'sec/index.html$','sec/home.html',301,null);
Insert into TBCWP_SSS.TBCWP_REDIRECT (ID,SOURCE,DESTINATION,HTTP_CODE,REDIRECT_TO_HTTPS) values (38,'sec/home.jsp$','sec/home.html',301,null);
Insert into TBCWP_SSS.TBCWP_REDIRECT (ID,SOURCE,DESTINATION,HTTP_CODE,REDIRECT_TO_HTTPS) values (39,'sec/finance/?$','sec/home.html',301,null);
REM INSERTING into TBCWP_SSS.TBCWP_XPATH_ALIAS
SET DEFINE OFF;
Insert into TBCWP_SSS.TBCWP_XPATH_ALIAS (ID,ALIAS_NAME,ALIAS_DESCRIPTION) values (1,'calculator','Mappings for calculator pages.');
Insert into TBCWP_SSS.TBCWP_XPATH_ALIAS (ID,ALIAS_NAME,ALIAS_DESCRIPTION) values (2,'normal','Mappings for general brochureware pages.');
Insert into TBCWP_SSS.TBCWP_XPATH_ALIAS (ID,ALIAS_NAME,ALIAS_DESCRIPTION) values (3,'sec','Mappings for secure brochureware pages.');
Insert into TBCWP_SSS.TBCWP_XPATH_ALIAS (ID,ALIAS_NAME,ALIAS_DESCRIPTION) values (4,'apply-online','Mappings for credit-cards apply-online pages.');
Insert into TBCWP_SSS.TBCWP_XPATH_ALIAS (ID,ALIAS_NAME,ALIAS_DESCRIPTION) values (5,'pcao','Mappings for PCAO pages.');
Insert into TBCWP_SSS.TBCWP_XPATH_ALIAS (ID,ALIAS_NAME,ALIAS_DESCRIPTION) values (6,'pcao-progress-bar','Mappings for PCAO progress bar');
Insert into TBCWP_SSS.TBCWP_XPATH_ALIAS (ID,ALIAS_NAME,ALIAS_DESCRIPTION) values (7,'ccola','Mappings for credit-cards online apply pages.');
Insert into TBCWP_SSS.TBCWP_XPATH_ALIAS (ID,ALIAS_NAME,ALIAS_DESCRIPTION) values (8,'ccola-messages','Mappings for credit-cards online apply content managed messages');
Insert into TBCWP_SSS.TBCWP_XPATH_ALIAS (ID,ALIAS_NAME,ALIAS_DESCRIPTION) values (9,'passthrough','Mapping for passthrough layout.');
Insert into TBCWP_SSS.TBCWP_XPATH_ALIAS (ID,ALIAS_NAME,ALIAS_DESCRIPTION) values (10,'login','Mappings for login page.');
Insert into TBCWP_SSS.TBCWP_XPATH_ALIAS (ID,ALIAS_NAME,ALIAS_DESCRIPTION) values (11,'scv','Mappings for SCV pages.');
Insert into TBCWP_SSS.TBCWP_XPATH_ALIAS (ID,ALIAS_NAME,ALIAS_DESCRIPTION) values (12,'scv-error','Mappings for PSP error messages.');
Insert into TBCWP_SSS.TBCWP_XPATH_ALIAS (ID,ALIAS_NAME,ALIAS_DESCRIPTION) values (13,'scv-messages','Mappings for PSP messages.');
Insert into TBCWP_SSS.TBCWP_XPATH_ALIAS (ID,ALIAS_NAME,ALIAS_DESCRIPTION) values (14,'sv','Mappings for SV pages.');
Insert into TBCWP_SSS.TBCWP_XPATH_ALIAS (ID,ALIAS_NAME,ALIAS_DESCRIPTION) values (15,'loan-messages','Mappings for loan calculator messages.');
Insert into TBCWP_SSS.TBCWP_XPATH_ALIAS (ID,ALIAS_NAME,ALIAS_DESCRIPTION) values (16,'eligibility','Mappings for loan calculator eligibility page');
Insert into TBCWP_SSS.TBCWP_XPATH_ALIAS (ID,ALIAS_NAME,ALIAS_DESCRIPTION) values (17,'authentication-status-content','Top right div which changes if a user is logged in or not');
Insert into TBCWP_SSS.TBCWP_XPATH_ALIAS (ID,ALIAS_NAME,ALIAS_DESCRIPTION) values (18,'sss-overlay','Mappings for the upgrade choice popup');
REM INSERTING into TBCWP_SSS.TBCWP_XPATH_ENTRY
SET DEFINE OFF;
Insert into TBCWP_SSS.TBCWP_XPATH_ENTRY (ID,ALIAS_ID,EXPRESSION,KEY) values (1,1,'//div[@id=''preheader'']','preHeader');
Insert into TBCWP_SSS.TBCWP_XPATH_ENTRY (ID,ALIAS_ID,EXPRESSION,KEY) values (2,1,'//div[@id=''heading'']','header');
Insert into TBCWP_SSS.TBCWP_XPATH_ENTRY (ID,ALIAS_ID,EXPRESSION,KEY) values (3,1,'/html/head','xhtmlHead');
Insert into TBCWP_SSS.TBCWP_XPATH_ENTRY (ID,ALIAS_ID,EXPRESSION,KEY) values (4,1,'//div[@id=''row-footer'']','footer');
Insert into TBCWP_SSS.TBCWP_XPATH_ENTRY (ID,ALIAS_ID,EXPRESSION,KEY) values (5,1,'//div[@id=''above-calculator-row'']','aboveCalculator');
Insert into TBCWP_SSS.TBCWP_XPATH_ENTRY (ID,ALIAS_ID,EXPRESSION,KEY) values (6,1,'//div[@id=''area-left-col'']','leftColumn');
Insert into TBCWP_SSS.TBCWP_XPATH_ENTRY (ID,ALIAS_ID,EXPRESSION,KEY) values (7,1,'//div[@id=''area-type1'']','rightColumn');
Insert into TBCWP_SSS.TBCWP_XPATH_ENTRY (ID,ALIAS_ID,EXPRESSION,KEY) values (8,1,'//div[@id=''below-calculator-row'']','belowCalculator');
Insert into TBCWP_SSS.TBCWP_XPATH_ENTRY (ID,ALIAS_ID,EXPRESSION,KEY) values (9,1,'//div[@id=''col-subheading'']','subheader');
Insert into TBCWP_SSS.TBCWP_XPATH_ENTRY (ID,ALIAS_ID,EXPRESSION,KEY) values (10,1,'//div[@id=''postfooter'']','postFooter');
Insert into TBCWP_SSS.TBCWP_XPATH_ENTRY (ID,ALIAS_ID,EXPRESSION,KEY) values (11,2,'//div[@id=''heading'']','header');
Insert into TBCWP_SSS.TBCWP_XPATH_ENTRY (ID,ALIAS_ID,EXPRESSION,KEY) values (12,2,'/html/head','xhtmlHead');
Insert into TBCWP_SSS.TBCWP_XPATH_ENTRY (ID,ALIAS_ID,EXPRESSION,KEY) values (13,2,'//div[@id=''row-footer'']','footer');
Insert into TBCWP_SSS.TBCWP_XPATH_ENTRY (ID,ALIAS_ID,EXPRESSION,KEY) values (14,2,'//div[@id=''maincontent'']','mainContent');
Insert into TBCWP_SSS.TBCWP_XPATH_ENTRY (ID,ALIAS_ID,EXPRESSION,KEY) values (15,2,'//div[@id=''preheader'']','preHeader');
Insert into TBCWP_SSS.TBCWP_XPATH_ENTRY (ID,ALIAS_ID,EXPRESSION,KEY) values (16,2,'//div[@id=''postfooter'']','postFooter');
Insert into TBCWP_SSS.TBCWP_XPATH_ENTRY (ID,ALIAS_ID,EXPRESSION,KEY) values (17,2,'//div[@id=''col-subheading'']','subheader');
Insert into TBCWP_SSS.TBCWP_XPATH_ENTRY (ID,ALIAS_ID,EXPRESSION,KEY) values (18,3,'//div[@id=''postfooter'']','postFooter');
Insert into TBCWP_SSS.TBCWP_XPATH_ENTRY (ID,ALIAS_ID,EXPRESSION,KEY) values (19,3,'//div[@id=''row-footer'']','footer');
Insert into TBCWP_SSS.TBCWP_XPATH_ENTRY (ID,ALIAS_ID,EXPRESSION,KEY) values (20,3,'//div[@id=''col-subheading'']','subheader');
Insert into TBCWP_SSS.TBCWP_XPATH_ENTRY (ID,ALIAS_ID,EXPRESSION,KEY) values (21,3,'//div[@id=''preheader'']','preHeader');
Insert into TBCWP_SSS.TBCWP_XPATH_ENTRY (ID,ALIAS_ID,EXPRESSION,KEY) values (22,3,'/html/head','xhtmlHead');
Insert into TBCWP_SSS.TBCWP_XPATH_ENTRY (ID,ALIAS_ID,EXPRESSION,KEY) values (23,3,'//div[@id=''maincontent'']','mainContent');
Insert into TBCWP_SSS.TBCWP_XPATH_ENTRY (ID,ALIAS_ID,EXPRESSION,KEY) values (24,3,'//div[@id=''heading'']','header');
Insert into TBCWP_SSS.TBCWP_XPATH_ENTRY (ID,ALIAS_ID,EXPRESSION,KEY) values (25,4,'//div[@id=''heading'']','header');
Insert into TBCWP_SSS.TBCWP_XPATH_ENTRY (ID,ALIAS_ID,EXPRESSION,KEY) values (26,4,'//div[@id=''right-col-area'']','helpArea');
Insert into TBCWP_SSS.TBCWP_XPATH_ENTRY (ID,ALIAS_ID,EXPRESSION,KEY) values (27,4,'//div[@id=''preheader'']','preHeader');
Insert into TBCWP_SSS.TBCWP_XPATH_ENTRY (ID,ALIAS_ID,EXPRESSION,KEY) values (28,4,'/html/head','xhtmlHead');
Insert into TBCWP_SSS.TBCWP_XPATH_ENTRY (ID,ALIAS_ID,EXPRESSION,KEY) values (29,4,'//div[@id=''breadcrumb'']','breadcrumb');
Insert into TBCWP_SSS.TBCWP_XPATH_ENTRY (ID,ALIAS_ID,EXPRESSION,KEY) values (30,4,'//div[@id=''row-footer'']','footer');
Insert into TBCWP_SSS.TBCWP_XPATH_ENTRY (ID,ALIAS_ID,EXPRESSION,KEY) values (31,4,'//div[@id=''postfooter'']','postFooter');
Insert into TBCWP_SSS.TBCWP_XPATH_ENTRY (ID,ALIAS_ID,EXPRESSION,KEY) values (32,5,'//div[@id=''postfooter'']','postFooter');
Insert into TBCWP_SSS.TBCWP_XPATH_ENTRY (ID,ALIAS_ID,EXPRESSION,KEY) values (33,5,'//div[@class=''page-content stretch'']','replacementArea');
Insert into TBCWP_SSS.TBCWP_XPATH_ENTRY (ID,ALIAS_ID,EXPRESSION,KEY) values (34,5,'/html/head','htmlHead');
Insert into TBCWP_SSS.TBCWP_XPATH_ENTRY (ID,ALIAS_ID,EXPRESSION,KEY) values (35,5,'//footer','footer');
Insert into TBCWP_SSS.TBCWP_XPATH_ENTRY (ID,ALIAS_ID,EXPRESSION,KEY) values (36,6,'//div[@id=''joint'']','progressBarJoint');
Insert into TBCWP_SSS.TBCWP_XPATH_ENTRY (ID,ALIAS_ID,EXPRESSION,KEY) values (37,6,'//div[@id=''single'']','progressBarSingle');
Insert into TBCWP_SSS.TBCWP_XPATH_ENTRY (ID,ALIAS_ID,EXPRESSION,KEY) values (38,7,'//div[@class=''page-content stretch'']','replacementArea');
Insert into TBCWP_SSS.TBCWP_XPATH_ENTRY (ID,ALIAS_ID,EXPRESSION,KEY) values (39,7,'//footer','footer');
Insert into TBCWP_SSS.TBCWP_XPATH_ENTRY (ID,ALIAS_ID,EXPRESSION,KEY) values (40,7,'//div[@id=''postfooter'']','postFooter');
Insert into TBCWP_SSS.TBCWP_XPATH_ENTRY (ID,ALIAS_ID,EXPRESSION,KEY) values (41,7,'//header','header');
Insert into TBCWP_SSS.TBCWP_XPATH_ENTRY (ID,ALIAS_ID,EXPRESSION,KEY) values (42,7,'/html/head','htmlHead');
Insert into TBCWP_SSS.TBCWP_XPATH_ENTRY (ID,ALIAS_ID,EXPRESSION,KEY) values (43,8,'//div[@id=''sidebar-general'']','sidebar-general');
Insert into TBCWP_SSS.TBCWP_XPATH_ENTRY (ID,ALIAS_ID,EXPRESSION,KEY) values (44,8,'//div[@id=''sidebar-step1'']','sidebar-step1');
Insert into TBCWP_SSS.TBCWP_XPATH_ENTRY (ID,ALIAS_ID,EXPRESSION,KEY) values (45,8,'//div[@id=''sidebar-exp-decisioning'']','sidebar-exp-decisioning');
Insert into TBCWP_SSS.TBCWP_XPATH_ENTRY (ID,ALIAS_ID,EXPRESSION,KEY) values (46,8,'//div[@id=''sidebar-step2'']','sidebar-step2');
Insert into TBCWP_SSS.TBCWP_XPATH_ENTRY (ID,ALIAS_ID,EXPRESSION,KEY) values (47,8,'//div[@id=''sidebar-exp-completion'']','sidebar-exp-completion');
Insert into TBCWP_SSS.TBCWP_XPATH_ENTRY (ID,ALIAS_ID,EXPRESSION,KEY) values (48,8,'//div[@id=''sidebar-decline'']','sidebar-decline');
Insert into TBCWP_SSS.TBCWP_XPATH_ENTRY (ID,ALIAS_ID,EXPRESSION,KEY) values (49,8,'//div[@id=''sidebar-completion'']','sidebar-completion');
Insert into TBCWP_SSS.TBCWP_XPATH_ENTRY (ID,ALIAS_ID,EXPRESSION,KEY) values (50,9,'/html','xhtml');
Insert into TBCWP_SSS.TBCWP_XPATH_ENTRY (ID,ALIAS_ID,EXPRESSION,KEY) values (51,10,'//div[@id=''the-slideshow'']','loginHeader');
Insert into TBCWP_SSS.TBCWP_XPATH_ENTRY (ID,ALIAS_ID,EXPRESSION,KEY) values (52,10,'/html/head','xhtmlHead');
Insert into TBCWP_SSS.TBCWP_XPATH_ENTRY (ID,ALIAS_ID,EXPRESSION,KEY) values (53,10,'//div[@id=''postfooter'']','postFooter');
Insert into TBCWP_SSS.TBCWP_XPATH_ENTRY (ID,ALIAS_ID,EXPRESSION,KEY) values (54,10,'//div[@id=''login-help-area'']','loginFooter');
Insert into TBCWP_SSS.TBCWP_XPATH_ENTRY (ID,ALIAS_ID,EXPRESSION,KEY) values (55,10,'//div[@id=''login-sidebar'']','loginSidebar');
Insert into TBCWP_SSS.TBCWP_XPATH_ENTRY (ID,ALIAS_ID,EXPRESSION,KEY) values (56,10,'//div[@id=''above-replacement-row'']','aboveReplacement');
Insert into TBCWP_SSS.TBCWP_XPATH_ENTRY (ID,ALIAS_ID,EXPRESSION,KEY) values (57,10,'//div[@id=''right-col-area'']','rightColumn');
Insert into TBCWP_SSS.TBCWP_XPATH_ENTRY (ID,ALIAS_ID,EXPRESSION,KEY) values (58,10,'//div[@id=''below-replacement-row'']','belowReplacement');
Insert into TBCWP_SSS.TBCWP_XPATH_ENTRY (ID,ALIAS_ID,EXPRESSION,KEY) values (59,10,'//div[@id=''heading'']','header');
Insert into TBCWP_SSS.TBCWP_XPATH_ENTRY (ID,ALIAS_ID,EXPRESSION,KEY) values (60,10,'//div[@id=''row-footer'']','footer');
Insert into TBCWP_SSS.TBCWP_XPATH_ENTRY (ID,ALIAS_ID,EXPRESSION,KEY) values (61,10,'//div[@id=''subheading'']','subHeader');
Insert into TBCWP_SSS.TBCWP_XPATH_ENTRY (ID,ALIAS_ID,EXPRESSION,KEY) values (62,10,'//div[@id=''preheader'']','preHeader');
Insert into TBCWP_SSS.TBCWP_XPATH_ENTRY (ID,ALIAS_ID,EXPRESSION,KEY) values (63,11,'/html/head','xhtmlHead');
Insert into TBCWP_SSS.TBCWP_XPATH_ENTRY (ID,ALIAS_ID,EXPRESSION,KEY) values (64,11,'//div[@id=''area-type1'']','rightColumn');
Insert into TBCWP_SSS.TBCWP_XPATH_ENTRY (ID,ALIAS_ID,EXPRESSION,KEY) values (65,11,'//div[@id=''lob-content'']','centreColumn');
Insert into TBCWP_SSS.TBCWP_XPATH_ENTRY (ID,ALIAS_ID,EXPRESSION,KEY) values (66,11,'//div[@id=''area-left-col'']','leftColumn');
Insert into TBCWP_SSS.TBCWP_XPATH_ENTRY (ID,ALIAS_ID,EXPRESSION,KEY) values (67,11,'//div[@id=''breadcrumb'']','breadcrumb');
Insert into TBCWP_SSS.TBCWP_XPATH_ENTRY (ID,ALIAS_ID,EXPRESSION,KEY) values (68,11,'//div[@id=''area-heading'']','header');
Insert into TBCWP_SSS.TBCWP_XPATH_ENTRY (ID,ALIAS_ID,EXPRESSION,KEY) values (69,11,'//div[@id=''postfooter'']','postFooter');
Insert into TBCWP_SSS.TBCWP_XPATH_ENTRY (ID,ALIAS_ID,EXPRESSION,KEY) values (70,11,'//div[@id=''row-footer'']','footer');
Insert into TBCWP_SSS.TBCWP_XPATH_ENTRY (ID,ALIAS_ID,EXPRESSION,KEY) values (71,12,'//div[@id=''psp-no-initial-data-error'']','psp-no-initial-data-error');
Insert into TBCWP_SSS.TBCWP_XPATH_ENTRY (ID,ALIAS_ID,EXPRESSION,KEY) values (72,12,'//div[@id=''psp-product-type-error'']','psp-product-type-error');
Insert into TBCWP_SSS.TBCWP_XPATH_ENTRY (ID,ALIAS_ID,EXPRESSION,KEY) values (73,12,'//div[@id=''psp-banking-navigate-error'']','psp-banking-navigate-error');
Insert into TBCWP_SSS.TBCWP_XPATH_ENTRY (ID,ALIAS_ID,EXPRESSION,KEY) values (74,12,'//div[@id=''psp-cc-navigate-error'']','psp-cc-navigate-error');
Insert into TBCWP_SSS.TBCWP_XPATH_ENTRY (ID,ALIAS_ID,EXPRESSION,KEY) values (75,12,'//div[@id=''psp-cc-general-error'']','psp-cc-general-error');
Insert into TBCWP_SSS.TBCWP_XPATH_ENTRY (ID,ALIAS_ID,EXPRESSION,KEY) values (76,12,'//div[@id=''psp-banking-general-error'']','psp-banking-general-error');
Insert into TBCWP_SSS.TBCWP_XPATH_ENTRY (ID,ALIAS_ID,EXPRESSION,KEY) values (77,13,'//div[@class=''psp-cc-application-pending-message'']','psp-cc-application-pending-message');
Insert into TBCWP_SSS.TBCWP_XPATH_ENTRY (ID,ALIAS_ID,EXPRESSION,KEY) values (78,13,'//div[@id=''psp-banking-important-message'']','psp-banking-important-message');
Insert into TBCWP_SSS.TBCWP_XPATH_ENTRY (ID,ALIAS_ID,EXPRESSION,KEY) values (79,13,'//div[@id=''psp-cc-important-message'']','psp-cc-important-message');
Insert into TBCWP_SSS.TBCWP_XPATH_ENTRY (ID,ALIAS_ID,EXPRESSION,KEY) values (80,14,'//div[@class=''logged-area'']','logged-area');
Insert into TBCWP_SSS.TBCWP_XPATH_ENTRY (ID,ALIAS_ID,EXPRESSION,KEY) values (81,14,'//div[@id=''sub-content-2'']','sub-content-2');
Insert into TBCWP_SSS.TBCWP_XPATH_ENTRY (ID,ALIAS_ID,EXPRESSION,KEY) values (82,14,'//div[@id=''sub-content-4'']','sub-content-4');
Insert into TBCWP_SSS.TBCWP_XPATH_ENTRY (ID,ALIAS_ID,EXPRESSION,KEY) values (83,14,'/html/head','xhtmlHead');
Insert into TBCWP_SSS.TBCWP_XPATH_ENTRY (ID,ALIAS_ID,EXPRESSION,KEY) values (84,14,'//div[@id=''sub-content-1'']','sub-content-1');
Insert into TBCWP_SSS.TBCWP_XPATH_ENTRY (ID,ALIAS_ID,EXPRESSION,KEY) values (85,14,'/html/body//footer','footer');
Insert into TBCWP_SSS.TBCWP_XPATH_ENTRY (ID,ALIAS_ID,EXPRESSION,KEY) values (86,14,'//div[@id=''brand'']','brand');
Insert into TBCWP_SSS.TBCWP_XPATH_ENTRY (ID,ALIAS_ID,EXPRESSION,KEY) values (87,14,'//div[@id=''metafaq'']','metafaq');
Insert into TBCWP_SSS.TBCWP_XPATH_ENTRY (ID,ALIAS_ID,EXPRESSION,KEY) values (88,14,'//div[@id=''global-navigation-container'']','global-navigation');
Insert into TBCWP_SSS.TBCWP_XPATH_ENTRY (ID,ALIAS_ID,EXPRESSION,KEY) values (89,14,'//div[@id=''postfooter'']','postFooter');
Insert into TBCWP_SSS.TBCWP_XPATH_ENTRY (ID,ALIAS_ID,EXPRESSION,KEY) values (90,14,'//div[@id=''sub-content-3'']','sub-content-3');
Insert into TBCWP_SSS.TBCWP_XPATH_ENTRY (ID,ALIAS_ID,EXPRESSION,KEY) values (91,15,'//div[@id=''above-loan-results'']','above-loan-results');
Insert into TBCWP_SSS.TBCWP_XPATH_ENTRY (ID,ALIAS_ID,EXPRESSION,KEY) values (92,15,'//div[@id=''calculator-legal-text'']','calculator-legal-text');
Insert into TBCWP_SSS.TBCWP_XPATH_ENTRY (ID,ALIAS_ID,EXPRESSION,KEY) values (93,15,'//div[@id=''below-loan-results'']','below-loan-results');
Insert into TBCWP_SSS.TBCWP_XPATH_ENTRY (ID,ALIAS_ID,EXPRESSION,KEY) values (94,15,'//div[@id=''results-nonClubCard-Title'']','results-nonClubCard-Title');
Insert into TBCWP_SSS.TBCWP_XPATH_ENTRY (ID,ALIAS_ID,EXPRESSION,KEY) values (95,15,'//div[@id=''results-clubCard-Title'']','results-clubCard-Title');
Insert into TBCWP_SSS.TBCWP_XPATH_ENTRY (ID,ALIAS_ID,EXPRESSION,KEY) values (96,15,'//div[@id=''results-legal-text'']','results-legal-text');
Insert into TBCWP_SSS.TBCWP_XPATH_ENTRY (ID,ALIAS_ID,EXPRESSION,KEY) values (97,15,'//div[@id=''below-loan-calculator'']','below-loan-calculator');
Insert into TBCWP_SSS.TBCWP_XPATH_ENTRY (ID,ALIAS_ID,EXPRESSION,KEY) values (98,15,'//div[@id=''above-loan-calculator'']','above-loan-calculator');
Insert into TBCWP_SSS.TBCWP_XPATH_ENTRY (ID,ALIAS_ID,EXPRESSION,KEY) values (99,16,'//div[@id=''validate'']','mainContent');
Insert into TBCWP_SSS.TBCWP_XPATH_ENTRY (ID,ALIAS_ID,EXPRESSION,KEY) values (100,17,'//div[@id=''authenticated-content-psp'']','authenticated-psp');
Insert into TBCWP_SSS.TBCWP_XPATH_ENTRY (ID,ALIAS_ID,EXPRESSION,KEY) values (101,17,'//div[@id=''unauthenticated-content'']','unauthenticated-customer');
Insert into TBCWP_SSS.TBCWP_XPATH_ENTRY (ID,ALIAS_ID,EXPRESSION,KEY) values (102,17,'//div[@id=''unauthenticated-content'']','unauthenticated');
Insert into TBCWP_SSS.TBCWP_XPATH_ENTRY (ID,ALIAS_ID,EXPRESSION,KEY) values (103,17,'//div[@id=''unauthenticated-content-accounts'']','unauthenticated-accounts');
Insert into TBCWP_SSS.TBCWP_XPATH_ENTRY (ID,ALIAS_ID,EXPRESSION,KEY) values (104,17,'//div[@id=''authenticated-content-brochureware'']','authenticated-customer');
Insert into TBCWP_SSS.TBCWP_XPATH_ENTRY (ID,ALIAS_ID,EXPRESSION,KEY) values (105,17,'//div[@id=''authenticated-content-accounts'']','authenticated-accounts');
Insert into TBCWP_SSS.TBCWP_XPATH_ENTRY (ID,ALIAS_ID,EXPRESSION,KEY) values (106,17,'//div[@id=''authenticated-content-brochureware'']','authenticated-brochureware');
Insert into TBCWP_SSS.TBCWP_XPATH_ENTRY (ID,ALIAS_ID,EXPRESSION,KEY) values (107,18,'//div[@id=''completePageContainer'']','mainContent');
Insert into TBCWP_SSS.TBCWP_XPATH_ENTRY (ID,ALIAS_ID,EXPRESSION,KEY) values (108,18,'/html/head','xhtmlHead');
--------------------------------------------------------
--  DDL for Index TBCWP_ASN_STATUS_AND_ASN_ID
--------------------------------------------------------

  CREATE INDEX "TBCWP_SSS"."TBCWP_ASN_STATUS_AND_ASN_ID" ON "TBCWP_SSS"."TBCWP_ASSERTION" ("STATUS", "ASSERTION_ID") 
  PCTFREE 10 INITRANS 2 MAXTRANS 255 COMPUTE STATISTICS 
  STORAGE(INITIAL 65536 NEXT 1048576 MINEXTENTS 1 MAXEXTENTS 2147483645
  PCTINCREASE 0 FREELISTS 1 FREELIST GROUPS 1 BUFFER_POOL DEFAULT FLASH_CACHE DEFAULT CELL_FLASH_CACHE DEFAULT)
  TABLESPACE "SSS_INDEX" ;
--------------------------------------------------------
--  DDL for Index TBCWP_ASN_STATUS_AND_ASN_SIDX
--------------------------------------------------------

  CREATE INDEX "TBCWP_SSS"."TBCWP_ASN_STATUS_AND_ASN_SIDX" ON "TBCWP_SSS"."TBCWP_ASSERTION" ("STATUS", "SESSION_INDEX") 
  PCTFREE 10 INITRANS 2 MAXTRANS 255 COMPUTE STATISTICS 
  STORAGE(INITIAL 65536 NEXT 1048576 MINEXTENTS 1 MAXEXTENTS 2147483645
  PCTINCREASE 0 FREELISTS 1 FREELIST GROUPS 1 BUFFER_POOL DEFAULT FLASH_CACHE DEFAULT CELL_FLASH_CACHE DEFAULT)
  TABLESPACE "SSS_INDEX" ;
--------------------------------------------------------
--  DDL for Index TBCWP_ASSERTION_UNIQUE
--------------------------------------------------------

  CREATE UNIQUE INDEX "TBCWP_SSS"."TBCWP_ASSERTION_UNIQUE" ON "TBCWP_SSS"."TBCWP_ASSERTION" ("ASSERTION_ID") 
  PCTFREE 10 INITRANS 2 MAXTRANS 255 COMPUTE STATISTICS 
  STORAGE(INITIAL 65536 NEXT 1048576 MINEXTENTS 1 MAXEXTENTS 2147483645
  PCTINCREASE 0 FREELISTS 1 FREELIST GROUPS 1 BUFFER_POOL DEFAULT FLASH_CACHE DEFAULT CELL_FLASH_CACHE DEFAULT)
  TABLESPACE "SSS_INDEX" ;
--------------------------------------------------------
--  DDL for Index TBCWP_XPATH_ENTRY_PK
--------------------------------------------------------

  CREATE UNIQUE INDEX "TBCWP_SSS"."TBCWP_XPATH_ENTRY_PK" ON "TBCWP_SSS"."TBCWP_XPATH_ENTRY" ("ID") 
  PCTFREE 10 INITRANS 2 MAXTRANS 255 COMPUTE STATISTICS 
  STORAGE(INITIAL 65536 NEXT 1048576 MINEXTENTS 1 MAXEXTENTS 2147483645
  PCTINCREASE 0 FREELISTS 1 FREELIST GROUPS 1 BUFFER_POOL DEFAULT FLASH_CACHE DEFAULT CELL_FLASH_CACHE DEFAULT)
  TABLESPACE "SSS_INDEX" ;
--------------------------------------------------------
--  DDL for Index TBCWP_ASSERTION_PK
--------------------------------------------------------

  CREATE UNIQUE INDEX "TBCWP_SSS"."TBCWP_ASSERTION_PK" ON "TBCWP_SSS"."TBCWP_ASSERTION" ("ID") 
  PCTFREE 10 INITRANS 2 MAXTRANS 255 COMPUTE STATISTICS 
  STORAGE(INITIAL 65536 NEXT 1048576 MINEXTENTS 1 MAXEXTENTS 2147483645
  PCTINCREASE 0 FREELISTS 1 FREELIST GROUPS 1 BUFFER_POOL DEFAULT FLASH_CACHE DEFAULT CELL_FLASH_CACHE DEFAULT)
  TABLESPACE "SSS_INDEX" ;
--------------------------------------------------------
--  DDL for Index TBCWP_REDIRECT_PK
--------------------------------------------------------

  CREATE UNIQUE INDEX "TBCWP_SSS"."TBCWP_REDIRECT_PK" ON "TBCWP_SSS"."TBCWP_REDIRECT" ("ID") 
  PCTFREE 10 INITRANS 2 MAXTRANS 255 COMPUTE STATISTICS 
  STORAGE(INITIAL 65536 NEXT 1048576 MINEXTENTS 1 MAXEXTENTS 2147483645
  PCTINCREASE 0 FREELISTS 1 FREELIST GROUPS 1 BUFFER_POOL DEFAULT FLASH_CACHE DEFAULT CELL_FLASH_CACHE DEFAULT)
  TABLESPACE "SSS_INDEX" ;
--------------------------------------------------------
--  DDL for Index TBCWP_MESSAGES_ID_CONSTRAINT
--------------------------------------------------------

  CREATE UNIQUE INDEX "TBCWP_SSS"."TBCWP_MESSAGES_ID_CONSTRAINT" ON "TBCWP_SSS"."TBCWP_MESSAGE" ("MESSAGE_ID") 
  PCTFREE 10 INITRANS 2 MAXTRANS 255 COMPUTE STATISTICS 
  STORAGE(INITIAL 65536 NEXT 1048576 MINEXTENTS 1 MAXEXTENTS 2147483645
  PCTINCREASE 0 FREELISTS 1 FREELIST GROUPS 1 BUFFER_POOL DEFAULT FLASH_CACHE DEFAULT CELL_FLASH_CACHE DEFAULT)
  TABLESPACE "SSS_INDEX" ;
--------------------------------------------------------
--  DDL for Index TBCWP_XPATH_ALIAS_PK
--------------------------------------------------------

  CREATE UNIQUE INDEX "TBCWP_SSS"."TBCWP_XPATH_ALIAS_PK" ON "TBCWP_SSS"."TBCWP_XPATH_ALIAS" ("ID") 
  PCTFREE 10 INITRANS 2 MAXTRANS 255 COMPUTE STATISTICS 
  STORAGE(INITIAL 65536 NEXT 1048576 MINEXTENTS 1 MAXEXTENTS 2147483645
  PCTINCREASE 0 FREELISTS 1 FREELIST GROUPS 1 BUFFER_POOL DEFAULT FLASH_CACHE DEFAULT CELL_FLASH_CACHE DEFAULT)
  TABLESPACE "SSS_INDEX" ;
--------------------------------------------------------
--  DDL for Index TBCWP_MSG_CREATE_DATE
--------------------------------------------------------

  CREATE INDEX "TBCWP_SSS"."TBCWP_MSG_CREATE_DATE" ON "TBCWP_SSS"."TBCWP_MESSAGE" ("CREATE_DATE") 
  PCTFREE 10 INITRANS 2 MAXTRANS 255 COMPUTE STATISTICS 
  STORAGE(INITIAL 65536 NEXT 1048576 MINEXTENTS 1 MAXEXTENTS 2147483645
  PCTINCREASE 0 FREELISTS 1 FREELIST GROUPS 1 BUFFER_POOL DEFAULT FLASH_CACHE DEFAULT CELL_FLASH_CACHE DEFAULT)
  TABLESPACE "SSS_INDEX" ;
--------------------------------------------------------
--  DDL for Index TBCWP_ASN_SIDX
--------------------------------------------------------

  CREATE INDEX "TBCWP_SSS"."TBCWP_ASN_SIDX" ON "TBCWP_SSS"."TBCWP_ASSERTION" ("SESSION_INDEX") 
  PCTFREE 10 INITRANS 2 MAXTRANS 255 COMPUTE STATISTICS 
  STORAGE(INITIAL 65536 NEXT 1048576 MINEXTENTS 1 MAXEXTENTS 2147483645
  PCTINCREASE 0 FREELISTS 1 FREELIST GROUPS 1 BUFFER_POOL DEFAULT FLASH_CACHE DEFAULT CELL_FLASH_CACHE DEFAULT)
  TABLESPACE "SSS_INDEX" ;
--------------------------------------------------------
--  Constraints for Table TBCWP_ASSERTION
--------------------------------------------------------

  ALTER TABLE "TBCWP_SSS"."TBCWP_ASSERTION" ADD CONSTRAINT "TBCWP_ASSERTION_UNIQUE" UNIQUE ("ASSERTION_ID")
  USING INDEX PCTFREE 10 INITRANS 2 MAXTRANS 255 COMPUTE STATISTICS 
  STORAGE(INITIAL 65536 NEXT 1048576 MINEXTENTS 1 MAXEXTENTS 2147483645
  PCTINCREASE 0 FREELISTS 1 FREELIST GROUPS 1 BUFFER_POOL DEFAULT FLASH_CACHE DEFAULT CELL_FLASH_CACHE DEFAULT)
  TABLESPACE "SSS_INDEX"  ENABLE;
  ALTER TABLE "TBCWP_SSS"."TBCWP_ASSERTION" ADD CONSTRAINT "TBCWP_ASSERTION_PK" PRIMARY KEY ("ID")
  USING INDEX PCTFREE 10 INITRANS 2 MAXTRANS 255 COMPUTE STATISTICS 
  STORAGE(INITIAL 65536 NEXT 1048576 MINEXTENTS 1 MAXEXTENTS 2147483645
  PCTINCREASE 0 FREELISTS 1 FREELIST GROUPS 1 BUFFER_POOL DEFAULT FLASH_CACHE DEFAULT CELL_FLASH_CACHE DEFAULT)
  TABLESPACE "SSS_INDEX"  ENABLE;
  ALTER TABLE "TBCWP_SSS"."TBCWP_ASSERTION" MODIFY ("SESSION_INDEX" NOT NULL ENABLE);
  ALTER TABLE "TBCWP_SSS"."TBCWP_ASSERTION" MODIFY ("ASSERTION_EXPIRY" NOT NULL ENABLE);
  ALTER TABLE "TBCWP_SSS"."TBCWP_ASSERTION" MODIFY ("ASSERTION" NOT NULL ENABLE);
  ALTER TABLE "TBCWP_SSS"."TBCWP_ASSERTION" MODIFY ("STATUS" NOT NULL ENABLE);
  ALTER TABLE "TBCWP_SSS"."TBCWP_ASSERTION" MODIFY ("ASSERTION_ID" NOT NULL ENABLE);
  ALTER TABLE "TBCWP_SSS"."TBCWP_ASSERTION" MODIFY ("ID" NOT NULL ENABLE);
--------------------------------------------------------
--  Constraints for Table TBCWP_XPATH_ENTRY
--------------------------------------------------------

  ALTER TABLE "TBCWP_SSS"."TBCWP_XPATH_ENTRY" ADD CONSTRAINT "TBCWP_XPATH_ENTRY_PK" PRIMARY KEY ("ID")
  USING INDEX PCTFREE 10 INITRANS 2 MAXTRANS 255 COMPUTE STATISTICS 
  STORAGE(INITIAL 65536 NEXT 1048576 MINEXTENTS 1 MAXEXTENTS 2147483645
  PCTINCREASE 0 FREELISTS 1 FREELIST GROUPS 1 BUFFER_POOL DEFAULT FLASH_CACHE DEFAULT CELL_FLASH_CACHE DEFAULT)
  TABLESPACE "SSS_INDEX"  ENABLE;
  ALTER TABLE "TBCWP_SSS"."TBCWP_XPATH_ENTRY" MODIFY ("KEY" NOT NULL ENABLE);
  ALTER TABLE "TBCWP_SSS"."TBCWP_XPATH_ENTRY" MODIFY ("EXPRESSION" NOT NULL ENABLE);
  ALTER TABLE "TBCWP_SSS"."TBCWP_XPATH_ENTRY" MODIFY ("ID" NOT NULL ENABLE);
--------------------------------------------------------
--  Constraints for Table TBCWP_REDIRECT
--------------------------------------------------------

  ALTER TABLE "TBCWP_SSS"."TBCWP_REDIRECT" ADD CONSTRAINT "TBCWP_REDIRECT_PK" PRIMARY KEY ("ID")
  USING INDEX PCTFREE 10 INITRANS 2 MAXTRANS 255 COMPUTE STATISTICS 
  STORAGE(INITIAL 65536 NEXT 1048576 MINEXTENTS 1 MAXEXTENTS 2147483645
  PCTINCREASE 0 FREELISTS 1 FREELIST GROUPS 1 BUFFER_POOL DEFAULT FLASH_CACHE DEFAULT CELL_FLASH_CACHE DEFAULT)
  TABLESPACE "SSS_INDEX"  ENABLE;
  ALTER TABLE "TBCWP_SSS"."TBCWP_REDIRECT" MODIFY ("HTTP_CODE" NOT NULL ENABLE);
  ALTER TABLE "TBCWP_SSS"."TBCWP_REDIRECT" MODIFY ("SOURCE" NOT NULL ENABLE);
  ALTER TABLE "TBCWP_SSS"."TBCWP_REDIRECT" MODIFY ("ID" NOT NULL ENABLE);
--------------------------------------------------------
--  Constraints for Table TBCWP_MESSAGE
--------------------------------------------------------

  ALTER TABLE "TBCWP_SSS"."TBCWP_MESSAGE" ADD CONSTRAINT "TBCWP_MESSAGES_ID_CONSTRAINT" UNIQUE ("MESSAGE_ID")
  USING INDEX PCTFREE 10 INITRANS 2 MAXTRANS 255 COMPUTE STATISTICS 
  STORAGE(INITIAL 65536 NEXT 1048576 MINEXTENTS 1 MAXEXTENTS 2147483645
  PCTINCREASE 0 FREELISTS 1 FREELIST GROUPS 1 BUFFER_POOL DEFAULT FLASH_CACHE DEFAULT CELL_FLASH_CACHE DEFAULT)
  TABLESPACE "SSS_INDEX"  ENABLE;
  ALTER TABLE "TBCWP_SSS"."TBCWP_MESSAGE" MODIFY ("CREATE_DATE" NOT NULL ENABLE);
  ALTER TABLE "TBCWP_SSS"."TBCWP_MESSAGE" MODIFY ("MESSAGE_ID" NOT NULL ENABLE);
  ALTER TABLE "TBCWP_SSS"."TBCWP_MESSAGE" MODIFY ("ID" NOT NULL ENABLE);
--------------------------------------------------------
--  Constraints for Table TBCWP_XPATH_ALIAS
--------------------------------------------------------

  ALTER TABLE "TBCWP_SSS"."TBCWP_XPATH_ALIAS" ADD CONSTRAINT "TBCWP_XPATH_ALIAS_PK" PRIMARY KEY ("ID")
  USING INDEX PCTFREE 10 INITRANS 2 MAXTRANS 255 COMPUTE STATISTICS 
  STORAGE(INITIAL 65536 NEXT 1048576 MINEXTENTS 1 MAXEXTENTS 2147483645
  PCTINCREASE 0 FREELISTS 1 FREELIST GROUPS 1 BUFFER_POOL DEFAULT FLASH_CACHE DEFAULT CELL_FLASH_CACHE DEFAULT)
  TABLESPACE "SSS_INDEX"  ENABLE;
  ALTER TABLE "TBCWP_SSS"."TBCWP_XPATH_ALIAS" MODIFY ("ALIAS_NAME" NOT NULL ENABLE);
  ALTER TABLE "TBCWP_SSS"."TBCWP_XPATH_ALIAS" MODIFY ("ID" NOT NULL ENABLE);


spool off;
